:020000040800F2
:10000000000005243D540008CD480008CF480008F2
:10001000D1480008D3480008D54800080000000077
:10002000000000000000000000000000F1B7000820
:10003000D74800080000000091B800083DB500084E
:100040008D5400088D5400088D5400088D5400080C
:100050008D5400088D5400088D5400088D540008FC
:100060008D5400088D5400088D540008D9480008AC
:10007000E9480008F9480008094900088D540008BB
:100080008D5400088D5400088D540008194900084B
:100090002949000839490008494900088D540008D9
:1000A0008D5400088D5400088D5400088D540008AC
:1000B000594900088D540008694900088D5400080A
:1000C0008D5400088D5400088D5400088D5400088C
:1000D0008D540008794900088D5400088D5400089B
:1000E0008D5400088D540008000000008D54000855
:1000F0008D5400088D5400088D5400088D5400085C
:100100008D5400088D5400088D5400088D5400084B
:100110008D5400089D490008C14900088D5400080D
:100120008D5400088D5400088D540008D1490008F2
:10013000E14900088D5400088D5400088D540008D2
:1001400000000000000000000000000000000000AF
:100150008D5400088D540008F14900088D540008A2
:100160008D5400088D5400088D5400088D540008EB
:100170008D5400088D5400088D54000800000000C4
:100180008D5400088D540008014A00088D54000861
:100190008D5400088D5400088D5400088D540008BB
:1001A0008D5400088D5400088D5400080000000094
:1001B0008D5400088D5400088D5400088D5400089B
:1001C0008D5400088D54000800000000000000005D
:1001D00000000000000000008D5400080000000036
:1001E000000000000000000000000000000000000F
:1001F00000000000000000008D5400088D5400082D
:100200008D5400088D540008000000008D54000833
:100210008D5400088D5400088D5400088D5400083A
:100220008D540008000000008D54000800000000FC
:100230008D5400088D540008000000008D54000803
:100240008D5400088D5400088D5400088D5400080A
:100250008D5400088D5400088D5400088D540008FA
:100260008D5400088D5400088D5400088D540008EA
:100270008D5400088D5400088D54000800000000C3
:100280008D5400088D5400088D5400088D540008CA
:10029000000000008D5400088D540008000000008C
:1002A000000000008D5400088D5400088D54000893
:1002B000254A00088D5400088D540008494A00085A
:0C02C000594A00088D5400088D540008B5
:1002D00010B5054C237833B9044B13B10448AFF380
:1002E00000800123237010BD60080024000000007E
:1002F00094E8000808B5034B1BB103490348AFF36A
:10030000008008BD000000006408002494E8000894
:1003100081F0004102E000BF83F0004330B54FEAB6
:1003200041044FEA430594EA050F08BF90EA020F23
:100330001FBF54EA000C55EA020C7FEA645C7FEAB6
:10034000655C00F0E2804FEA5454D4EB5555B8BFD9
:100350006D420CDD2C4480EA020281EA030382EA4A
:10036000000083EA010180EA020281EA0303362DDC
:1003700088BF30BD11F0004F4FEA01314FF4801CAF
:100380004CEA113102D0404261EB410113F0004FC1
:100390004FEA03334CEA133302D0524263EB430378
:1003A00094EA050F00F0A780A4F10104D5F1200E16
:1003B0000DDB02FA0EFC22FA05F2801841F1000171
:1003C00003FA0EF2801843FA05F359410EE0A5F145
:1003D00020050EF1200E012A03FA0EFC28BF4CF076
:1003E000020C43FA05F3C01851EBE37101F000452C
:1003F00007D54FF0000EDCF1000C7EEB00006EEB39
:100400000101B1F5801F1BD3B1F5001F0CD34908C2
:100410005FEA30004FEA3C0C04F101044FEA445219
:1004200012F5800F80F09A80BCF1004F08BF5FEAA0
:10043000500C50F1000041EB045141EA050130BD80
:100440005FEA4C0C404141EB0101013C28BFB1F592
:10045000801FE9D291F0000F04BF01460020B1FADD
:1004600081F308BF2033A3F10B03B3F120020CDAB0
:100470000C3208DD02F1140CC2F10C0201FA0CF08E
:1004800021FA02F10CE002F11402D8BFC2F1200CF3
:1004900001FA02F120FA0CFCDCBF41EA0C019040A9
:1004A000E41AA2BF01EB0451294330BD6FEA0404F2
:1004B0001F3C1CDA0C340EDC04F11404C4F12002DD
:1004C00020FA04F001FA02F340EA030021FA04F3EF
:1004D00045EA030130BDC4F10C04C4F1200220FA46
:1004E00002F001FA04F340EA0300294630BD21FA84
:1004F00004F0294630BD94F0000F83F4801306BF4A
:1005000081F480110134013D4EE77FEA645C18BF3D
:100510007FEA655C29D094EA050F08BF90EA020FD4
:1005200005D054EA000C04BF1946104630BD91EACC
:10053000030F1EBF0021002030BD5FEA545C05D1CF
:100540004000494128BF41F0004130BD14F580040E
:100550003CBF01F5801130BD01F0004545F0FE4182
:1005600041F470014FF0000030BD7FEA645C1ABFB7
:10057000194610467FEA655C1CBF0B46024650EAEE
:10058000013406BF52EA033591EA030F41F400211A
:1005900030BD00BF90F0000F04BF0021704730B5A0
:1005A0004FF4806404F132044FF000054FF0000175
:1005B00050E700BF90F0000F04BF0021704730B536
:1005C0004FF4806404F1320410F0004548BF40420B
:1005D0004FF000013EE700BF42004FEAE2014FEA60
:1005E00031014FEA02701FBF12F07F4393F07F4F3B
:1005F00081F06051704732F07F4208BF704793F03E
:100600007F4F04BF41F40021704730B54FF4607450
:1006100001F0004521F000411CE700BF50EA010253
:1006200008BF704730B54FF000050AE050EA0102FC
:1006300008BF704730B511F0004502D5404261EB6C
:1006400041014FF4806404F132045FEA915C3FF4AD
:10065000D8AE4FF003025FEADC0C18BF03325FEA4A
:10066000DC0C18BF033202EBDC02C2F1200300FAFB
:1006700003FC20FA02F001FA03FE40EA0E0021FA20
:1006800002F11444BDE600BF70B54FF0FF0C4CF40E
:10069000E06C1CEA11541DBF1CEA135594EA0C0FC0
:1006A00095EA0C0F00F0DEF82C4481EA030621EAFB
:1006B0004C5123EA4C5350EA013518BF52EA033536
:1006C00041F4801143F4801338D0A0FB02CE4FF0E8
:1006D0000005E1FB02E506F00042E0FB03E54FF018
:1006E0000006E1FB03569CF0000F18BF4EF0010E10
:1006F000A4F1FF04B6F5007F64F5407404D25FEA0C
:100700004E0E6D4146EB060642EAC62141EA5551BE
:100710004FEAC52040EA5E504FEACE2EB4F1FD0C00
:1007200088BFBCF5E06F1ED8BEF1004F08BF5FEA7E
:10073000500E50F1000041EB045170BD06F0004630
:1007400046EA010140EA020081EA0301B4EB5C04DD
:10075000C2BFD4EB0C0541EA045170BD41F48011D5
:100760004FF0000E013C00F3AB8014F1360FDEBFFA
:10077000002001F0004170BDC4F10004203C35DAD6
:100780000C341BDC04F11404C4F1200500FA05F359
:1007900020FA04F001FA05F240EA020001F00042FA
:1007A00021F0004110EBD37021FA04F642EB060170
:1007B0005EEA430E08BF20EAD37070BDC4F10C049A
:1007C000C4F1200500FA04F320FA05F001FA04F25E
:1007D00040EA020001F0004110EBD37041F100014A
:1007E0005EEA430E08BF20EAD37070BDC4F1200555
:1007F00000FA05F24EEA020E20FA04F301FA05F2BD
:1008000043EA020321FA04F001F0004121FA04F264
:1008100020EA020000EBD3705EEA430E08BF20EA34
:10082000D37070BD94F0000F0FD101F0004640006E
:1008300041EB010111F4801F08BF013CF7D041EAF0
:10084000060195F0000F18BF704703F000465200F4
:1008500043EB030313F4801F08BF013DF7D043EAC5
:100860000603704794EA0C0F0CEA135518BF95EA7B
:100870000C0F0CD050EA410618BF52EA4306D1D102
:1008800081EA030101F000414FF0000070BD50EA21
:10089000410606BF1046194652EA430619D094EAAB
:1008A0000C0F02D150EA013613D195EA0C0F05D195
:1008B00052EA03361CBF104619460AD181EA0301E9
:1008C00001F0004141F0FE4141F470014FF00000A1
:1008D00070BD41F0FE4141F4780170BD70B54FF03C
:1008E000FF0C4CF4E06C1CEA11541DBF1CEA1355BC
:1008F00094EA0C0F95EA0C0F00F0A7F8A4EB05049E
:1009000081EA030E52EA03354FEA013100F0888094
:100910004FEA03334FF0805545EA131343EA12635D
:100920004FEA022245EA111545EA10654FEA002612
:100930000EF000419D4208BF964244F1FD0404F5CB
:10094000407402D25B084FEA3202B61A65EB030527
:100950005B084FEA32024FF480104FF4002CB6EBE4
:10096000020E75EB030E22BFB61A754640EA0C0064
:100970005B084FEA3202B6EB020E75EB030E22BFA4
:10098000B61A754640EA5C005B084FEA3202B6EBE5
:10099000020E75EB030E22BFB61A754640EA9C00A4
:1009A0005B084FEA3202B6EB020E75EB030E22BF74
:1009B000B61A754640EADC0055EA060E18D04FEA32
:1009C000051545EA16754FEA06164FEAC30343EAD2
:1009D00052734FEAC2025FEA1C1CC0D111F4801F9F
:1009E0000BD141EA00014FF000004FF0004CB6E798
:1009F00011F4801F04BF01430020B4F1FD0C88BF37
:100A0000BCF5E06F3FF6AFAEB5EB030C04BFB6EB41
:100A1000020C5FEA500C50F1000041EB045170BD34
:100A20000EF0004E4EEA113114EB5C04C2BFD4EB61
:100A30000C0541EA045170BD41F480114FF0000EE5
:100A4000013C90E645EA060E8DE60CEA135594EA61
:100A50000C0F08BF95EA0C0F3FF43BAF94EA0C0F64
:100A60000AD150EA01347FF434AF95EA0C0F7FF4D9
:100A700025AF104619462CE795EA0C0F06D152EA2D
:100A800003353FF4FDAE1046194622E750EA410611
:100A900018BF52EA43067FF4C5AE50EA41047FF422
:100AA0000DAF52EA43057FF4EBAE12E74FF0FF3C87
:100AB00006E000BF4FF0010C02E000BF4FF0010C58
:100AC0004DF804CD4FEA410C7FEA6C5C4FEA430CD1
:100AD00018BF7FEA6C5C1BD001B050EA410C0CBF20
:100AE00052EA430C91EA030F02BF90EA020F002082
:100AF000704710F1000F91EA030F58BF994208BFE9
:100B000090422CBFD8176FEAE37040F001007047A5
:100B10004FEA410C7FEA6C5C02D150EA013C07D1FC
:100B20004FEA430C7FEA6C5CD6D152EA033CD3D047
:100B30005DF8040B704700BF8446104662468C4641
:100B40001946634600E000BF01B5FFF7B7FF002874
:100B500048BF10F1000F01BD4DF808EDFFF7F4FF9D
:100B60000CBF012000205DF808FB00BF4DF808ED28
:100B7000FFF7EAFF34BF012000205DF808FB00BF4B
:100B80004DF808EDFFF7E0FF94BF012000205DF86D
:100B900008FB00BF4DF808EDFFF7CEFF94BF012022
:100BA00000205DF808FB00BF4DF808EDFFF7C4FF1B
:100BB00034BF012000205DF808FB00BF4FEA410C64
:100BC0007FEA6C5C02D150EA013C0AD14FEA430C47
:100BD0007FEA6C5C02D152EA033C02D14FF0000084
:100BE00070474FF0010070474FEA4102B2F1E04315
:100BF00024BFB3F5001CDCF1FE5C0DD901F0004C04
:100C00004FEAC0024CEA5070B2F1004F40EB830053
:100C100008BF20F00100704711F0804F21D113F17F
:100C20003872BCBF01F00040704741F480114FEAB8
:100C30005252C2F11802C2F1200C10FA0CF320FA41
:100C400002F018BF40F001004FEAC1234FEAD3235E
:100C500003FA0CFC40EA0C0023FA02F34FEA4303C8
:100C6000CCE77FEA625307D150EA01331EBF4FF051
:100C7000FE4040F44000704701F0004040F0FE406C
:100C800040F40000704700BF80F0004002E000BF69
:100C900081F0004142001FBF5FEA410392EA030F67
:100CA0007FEA226C7FEA236C6AD04FEA1262D2EBB1
:100CB0001363C1BFD218414048404140B8BF5B42B6
:100CC000192B88BF704710F0004F40F4000020F04F
:100CD0007F4018BF404211F0004F41F4000121F065
:100CE0007F4118BF494292EA030F3FD0A2F10102AF
:100CF00041FA03FC10EB0C00C3F1200301FA03F1ED
:100D000000F0004302D5494260EB4000B0F5000F0F
:100D100013D3B0F1807F06D340084FEA310102F1CE
:100D20000102FE2A51D2B1F1004F40EBC25008BF80
:100D300020F0010040EA03007047490040EB00004A
:100D4000013A28BFB0F5000FEDD2B0FA80FCACF14B
:100D5000080CB2EB0C0200FA0CF0AABF00EBC25078
:100D600052421843BCBFD0401843704792F0000F66
:100D700081F4000106BF80F400000132013BB5E7B9
:100D80004FEA41037FEA226C18BF7FEA236C21D02F
:100D900092EA030F04D092F0000F08BF0846704794
:100DA00090EA010F1CBF0020704712F07F4F04D162
:100DB000400028BF40F00040704712F100723CBF75
:100DC00000F50000704700F0004343F0FE4040F49F
:100DD000000070477FEA226216BF08467FEA23635D
:100DE0000146420206BF5FEA412390EA010F40F448
:100DF000800070474FF0000304E000BF10F0004394
:100E000048BF40425FEA000C08BF704743F096437A
:100E100001464FF000001CE050EA010208BF704795
:100E20004FF000030AE000BF50EA010208BF70471C
:100E300011F0004302D5404261EB41015FEA010C31
:100E400002BF84460146002043F0B64308BFA3F129
:100E50008053A3F50003BCFA8CF2083AA3EBC2530B
:100E600010DB01FA02FC634400FA02FCC2F120022A
:100E7000BCF1004F20FA02F243EB020008BF20F061
:100E80000100704702F1200201FA02FCC2F12002C7
:100E900050EA4C0021FA02F243EB020008BF20EABC
:100EA000DC70704753B94AB9002908BF00281CBF3D
:100EB0004FF0FF314FF0FF3001F0DEB8ADF1080C1C
:100EC0006DE904CE00F006F8DDF804E0DDE9022368
:100ED00004B070472DE9F047089D04468E46002B6C
:100EE0004DD18A42944669D9B2FA82F252B101FADE
:100EF00002F3C2F1200120FA01F10CFA02FC41EAEE
:100F0000030E94404FEA1C48210CBEFBF8F61FFA72
:100F10008CF708FB16E341EA034306FB07F199420D
:100F20000AD91CEB030306F1FF3080F01F819942C0
:100F300040F21C81023E63445B1AA4B2B3FBF8F09A
:100F400008FB103344EA034400FB07F7A7420AD921
:100F50001CEB040400F1FF3380F00A81A74240F249
:100F600007816444023840EA0640E41B00261DB1B4
:100F7000D4400023C5E900433146BDE8F0878B42E9
:100F800009D9002D00F0EF800026C5E900013046A8
:100F90003146BDE8F087B3FA83F6002E4AD18B4282
:100FA00002D3824200F2F980841A61EB030301202C
:100FB0009E46002DE0D0C5E9004EDDE702B9FFDE18
:100FC000B2FA82F2002A40F09280A1EB0C014FEAC3
:100FD0001C471FFA8CFE0126200CB1FBF7F307FB20
:100FE000131140EA01410EFB03F0884208D91CEBC3
:100FF000010103F1FF3802D2884200F2CB80434660
:10100000091AA4B2B1FBF7F007FB101144EA01443E
:101010000EFB00FEA64508D91CEB040400F1FF31CD
:1010200002D2A64500F2BB800846A4EB0E0440EABB
:1010300003409CE7C6F12007B34022FA07FC4CEAC4
:10104000030C20FA07F401FA06F31C43F9404FEAB7
:101050001C4900FA06F3B1FBF9F8200C1FFA8CFECC
:1010600009FB181140EA014108FB0EF0884202FA20
:1010700006F20BD91CEB010108F1FF3A80F08880E1
:10108000884240F28580A8F102086144091AA4B29E
:10109000B1FBF9F009FB101144EA014100FB0EFE1F
:1010A0008E4508D91CEB010100F1FF346CD28E454E
:1010B0006AD90238614440EA0840A0FB0294A1EBDF
:1010C0000E01A142C846A64656D353D05DB1B3EB3C
:1010D000080261EB0E0101FA07F722FA06F3F1406C
:1010E0001F43C5E9007100263146BDE8F087C2F113
:1010F0002003D8400CFA02FC21FA03F3914001438B
:101100004FEA1C471FFA8CFEB3FBF7F007FB1036C3
:101110000B0C43EA064300FB0EF69E4204FA02F46F
:1011200008D91CEB030300F1FF382FD29E422DD9C2
:10113000023863449B1B89B2B3FBF7F607FB1633F7
:1011400041EA034106FB0EF38B4208D91CEB010177
:1011500006F1FF3816D28B4214D9023E6144C91AF7
:1011600046EA004638E72E46284605E70646E3E607
:101170001846F8E64B45A9D2B9EB020864EB0C0E11
:101180000138A3E74646EAE7204694E74046D1E720
:10119000D0467BE7023B614432E7304609E76444CE
:1011A000023842E703685A004CBF43F0004323F083
:1011B00000431844704700BF2DE9F84329B34F1E80
:1011C000044615463E464FF0000808EB060101EBC9
:1011D000D171491004EBC1094846FFF7E3FF03460C
:1011E000C80008308F42204409D0AB4209D8FFF72D
:1011F000D9FF0138A8420AD201F10108E5E7AB4264
:1012000005D9884501D04E1EDFE74FF0000948465A
:10121000BDE8F883012807D0022807D0044B002836
:101220000CBF1846002070470248704702487047BC
:10123000ED180008F1180008F518000830B5234B28
:1012400083B004468D1E3BB301A92846AFF300804E
:10125000E8B101992A46FFF7AFFF0146B8B1FFF7A1
:10126000A1FF4B68A064012B2CD0002B01F10400DE
:1012700024DBFFF797FF0023C4E913030368002B67
:1012800011DBFFF78FFF2061002003B030BD00238A
:101290000920236103B030BD0D4B0E49C91AC91096
:1012A00018460191D6E7C3F30360FFF7B3FF0028A8
:1012B000206114BF0020092003B030BD0123C4E920
:1012C0001303DBE7002323610520DEE700000000B5
:1012D00060EA000818EC00080368DA0710B5044655
:1012E00006D49B0700F1480009D500F05BFC236899
:1012F000590709D51A070ED5DB0613D510BD00F026
:1013000049FC23685907F5D404F1D00000F052FCE1
:1013100023681A07F0D404F5A87000F053FC236882
:10132000DB06EBD404F5E870BDE8104000F08EBC9D
:10133000092070470346006800B11844704700BF99
:10134000704700BF70B504460E46316C2046FFF76B
:1013500075FF054688B9326C6261236932462146C1
:10136000012098470828F0D0072806D12846316C7C
:10137000FFF7E6FF301D00F001FC0CF06BFF00BF33
:101380002DE9F0470D1DD0F80C80D0F818900746D5
:1013900014460FCDADF5727D0DF10C0CACE80F00CD
:1013A0000FCDACE80F000FCDACE80F0095E80F00B3
:1013B00002AE4FF0000E8CE80F00C6F800E020E00F
:1013C000336C7B614FF4F07231467AA800F056FE20
:1013D0003B697AAA394650469847889B73642146F0
:1013E000CDE9006905463B463A460120C047044620
:1013F000E0B94FF4F0727AA9304600F03FFE082DB4
:101400001AD1316C3846FFF719FF09345FFA84FAB4
:1014100005460028D4D0B36B73643A46CDE9006921
:101420003B464AF010010120C04700B1092528467B
:101430000DF5727DBDE8F087072DF7D12046316CA0
:10144000FFF77EFF03A800F099FB00BF406C7047D8
:10145000F0B5CB6B0B6401F1040C0E460546BCE8FD
:101460000F00F9B001AC0FC4BCE80F000FC4BCE81A
:101470000F000FC49CE80F004FF0FF3784E80F0007
:10148000009706E02B696A462946984708280446D3
:1014900008D110992846FFF7D1FE0028F2D0092084
:1014A00079B0F0BD6846FFF717FF062CF7D131463B
:1014B0002846FFF747FF00BFC160D96B82611964FE
:1014C000002219465CE700BF70B5C66843690B642B
:1014D000AEB903690A4604460D4601460220984704
:1014E000072805D008280FD129462046FFF72AFFF4
:1014F0003046296CFFF724FF281D00F03FFB012236
:10150000FFF73EFF0CF0A6FE0CF0A4FEC2681AB175
:10151000CA6B0A64002233E79AE700BF704700BF36
:10152000836801460BB1012018477047012912D08A
:1015300009D873B90F2A0CD800EB820218465368F9
:10154000009A136070470339012994BF01200220DB
:101550007047022070470846704700BF00B585B04D
:101560000A46002303A900911946FFF7DFFF0398FD
:1015700005B05DF804FB00BF012912D009D873B98A
:101580000F2A0CD800EB8200009A126842601846BD
:1015900070470339012994BF0120022070470220BF
:1015A00070470846704700BF10B584B0002303ACF5
:1015B000039200940A461946FFF7DEFF04B010BDFF
:1015C00070B5D36B136402F1040C05460C46BCE8FD
:1015D0000F00ADF50E7D0DF15C0EAEE80F00BCE81E
:1015E0000F00AEE80F00BCE80F00AEE80F009CE86B
:1015F0000F004FF0FF368EE80F00169610E0FFF751
:10160000D3FF214616A8A847034616AA6946082014
:1016100083B9049B9847052806460CD0092809D0B1
:1016200026996846FFF70AFE03466A460C2116A86B
:10163000002BE4D0092616A8FFF74EFE30460DF524
:101640000E7D70BD2DE9F04FCC6C89B01E4654F86C
:10165000043B06940D46174600F00308002E79D08F
:101660001A0C1B0405938DF81D200223D2B204EB43
:1016700082048DF81C302B6DB8F1020F08BFAC6BE3
:1016800013F001030CD005A9384600F079FB18B916
:10169000082009B0BDE8F08F092009B0BDE8F08F3F
:1016A000D4F800A0BAF1000FEDD0019300F00803C8
:1016B0000293022E4AD0B4F800A0B4F80290043489
:1016C000AB6C29F0010B0F2138469B44FFF746FF16
:1016D000834539D82AF001039B44834594BF0020F9
:1016E00001204FEA490303F002030AF0010A43EA2A
:1016F0000A03012B49D0022B32D0002BCCD1B8F1F8
:10170000000F02D0002840F0CD800434D4F800A0AF
:10171000BAF1000FCDD105A9384600F031FB002801
:10172000BAD1019B002BB3D00F213846FFF716FF2B
:101730000E2102463846FFF737FF38466A4A0F2126
:10174000FFF732FF0720A8E70020CAE7D4F804908B
:101750000834B5E71B0205930323ADF81C308AE774
:10176000236823F0004BB8F1000F45D128B1029A4D
:10177000002A5CD0BBF1000F74D0002B00DA0434D7
:101780000BF1010B04EB8B04C0E7B8F1000F19D18A
:10179000B0B163682268991C4FEAD2723FF47CAF03
:1017A00005F158010133049100F09080201DFFF7EE
:1017B000C1FD04AB01462846AFF3008000285BD191
:1017C0000834A3E70D213846D5F82090FFF7C6FE70
:1017D0008145F5D1AB6A9C42F2D12046FFF7E2FC8D
:1017E0000F2102463846FFF7DFFE38462A46002121
:1017F000FFF7DAFE072050E70D213846D5F8209094
:10180000FFF7ACFE814501D02368B6E7AB6A9C4286
:10181000FAD104230022C5E90B23E318C5F828B048
:101820006B632368002B59DB01230193A8E705F1C3
:101830005803CDF80C8004F1040AB04691461E46C8
:101840000EE050460496FFF775FD0022014604ABFA
:10185000284609F101090AF1040AAFF30080E0B952
:10186000D945EED10D213846FFF778FE049BAC62D6
:10187000C5E90803062010E781460D213846FFF729
:101880006DFEB9F1020F286225D12B46049A43F868
:101890002C2F6B62AC620620FFE646462368DDF81B
:1018A0000C806AE72046FFF77DFC04340246AC63F7
:1018B00028461446AFF3008000283FF4EDAE3846CA
:1018C00022460F21FFF770FE0720E6E60D2138467D
:1018D000FFF744FE2862049B6B62DBE70BF101001B
:1018E00004EB80007AE700BF000000000023A9E6B7
:1018F0000123A7E60223A5E62DE9F0430646C3B07F
:1019000015461C46042900F2BF80DFE801F09E570F
:10191000BD2D0300002C40F0B780102A00F2B480E7
:101920000368D80600F1F98020AF384600F098F936
:10193000B46B394600234FF0010C0CFA03F22A4233
:10194000204603F1010303D050F8042B0A6004463B
:10195000042B01F10401F0D13846B46300F076F9AC
:10196000002043B0BDE8F083032C40F08D8094B29A
:1019700004EB1243102B4FEA124500F285800368F6
:101980001F0700F1D28020AF384600F03DF9B26B5E
:1019900007EBC50154B10B46D01A01EBC401E400BA
:1019A0001D5843F8045B8B42FAD122443846B26397
:1019B00000F008F9002043B0BDE8F083012C4FEAA5
:1019C000124895B25CD0052C5ED108EB0509B9F13F
:1019D000200F59D8B8F10F0F79D9A946002D40F042
:1019E0008A80B36B6DB320AF4FF0000907EBC807D7
:1019F000043F03EBC50553F8041B47F8041FAB4233
:101A0000F9D1B9F1000F0FD06F464146102938BF08
:101A1000102107EBC101843903EBC90553F8040B0E
:101A200041F8040FAB42F9D1012C00F08680B8F1E7
:101A30000F0FB56347D9B9F1000F02D0684600F027
:101A4000B9F8002043B0BDE8F083ECB9806B2346C1
:101A50001FFA82FC0124371D04FA03F212EA0C0F6C
:101A6000014604D051F8042B47F8232008460133DF
:101A7000102BF1D115F40055E3D1B063284604E0F2
:101A800008EB0503102B03D9022043B0BDE8F08317
:101A9000B8F10F0FF8D83368DA0706D5304623F0CF
:101AA000030340F8483B00F079F820AF384600F0D7
:101AB00075F8B36B002D97D11D460435B5633846D4
:101AC00000F068F8BDE720A800F06CF8B3E7B9F1C2
:101AD000100F40D9A9F110093368D90708D523F0B0
:101AE0000103304643F0020340F8483B00F05EF843
:101AF000B9F1000F32D033685A0720D4B8F10F0F74
:101B000025D96F463846C8F1100500F057F8002D6A
:101B1000B36B7FF77AAF20AF68E723F01003336031
:101B200006F5E87000F09CF8FEE623F00803036079
:101B300000F5A87000F068F825E720AFBDE7304653
:101B400023F0040340F8D03B00F038F8D6E720A893
:101B500000F02CF8D5E74FF00009BDE7B8F10F0F02
:101B60003FF63FAF20AF384600F020F8B36B002DB2
:101B70007FF43AAF384600F015F862E700F134011F
:101B800091E838009C46A6464CF8045D90E8FF0FAB
:101B9000E54600BD90EC210B704700BF80EC210BA7
:101BA000704700BF90EC200B704700BF80EC200B0B
:101BB000704700BFD0EC200B704700BFC0EC200B7B
:101BC000704700BFF0EC0201F0EC0211F0EC0221D2
:101BD000F0EC0231F0EC0241F0EC0251F0EC026169
:101BE000F0EC0271F0EC0281F0EC0291F0EC02A159
:101BF000F0EC02B1F0EC02C1F0EC02D1F0EC02E149
:101C0000F0EC02F1704700BFE0EC0201E0EC0211E1
:101C1000E0EC0221E0EC0231E0EC0241E0EC0251A8
:101C2000E0EC0261E0EC0271E0EC0281E0EC029198
:101C3000E0EC02A1E0EC02B1E0EC02C1E0EC02D188
:101C4000E0EC02E1E0EC02F1704700BFB0FC018182
:101C5000B0FC0191B0FC01A1B0FC01B1704700BF24
:101C6000A0FC0181A0FC0191A0FC01A1A0FC01B19C
:101C7000704700BFEC4600B52DE900502DE9FF1F6D
:101C80004FF000032DE90C0001A9FFF7E1FBDDF89F
:101C900040E012B0704700BFEC4600B52DE900509F
:101CA0002DE9FF1F4FF000032DE90C0001A9FFF7FC
:101CB0000BFCDDF840E012B0704700BFEC4600B509
:101CC0002DE900502DE9FF1F4FF000032DE90C0016
:101CD00001A9FFF71BFCDDF840E012B0704700BF20
:101CE000EC4600B52DE900502DE9FF1F4FF0000331
:101CF0002DE90C0001ABFFF7DFFBDDF840E012B08F
:101D0000704700BFEC4600B52DE900502DE9FF1FDC
:101D10004FF000032DE90C0001AAFFF751FCDDF89C
:101D200040E012B0704700BF027A03467AB9427AA7
:101D3000A2B14168013A10B44272086803220C1D36
:101D40001A7202025C60000E10BC1A6070470068D4
:101D5000013A1A7202021A60000E7047B0207047F2
:101D600000B585B0002303AA009219460C22FFF7A4
:101D7000DDFB039805B05DF804FB00BFF0E700BF92
:101D80002DE9F043054685B00E464FF00008304679
:101D9000FFF7CAFFB028044600F0BA80070620D536
:101DA00000F0F003802B4DD0902B36D0A02B60D0CC
:101DB000B02B74D0C02B00F08B8000F0F803D02B38
:101DC0000BD100F007020132052342F40022012169
:101DD0002846FFF791FD0028D9D0092005B0BDE8BD
:101DE000F0838300DBB21F1D0DF10C09002319469F
:101DF000CDF800900D222846FFF798FB039BCDF805
:101E0000009060064CBFDF1BFF1800230D2219460F
:101E100028460397FFF7B0FBB9E700F00D030D2B41
:101E2000DBD003AF002300F00F02194600972846CD
:101E3000FFF77CFB002300970D2219462846FFF789
:101E40009BFBA4E73046FFF76FFF24022043B0F569
:101E5000004FC2D004010023A2B219462846FFF762
:101E60004BFD0028B9D114F4004F18BF4FF0010802
:101E70008DE7C24302F007034FF47F621A41010766
:101E800002F47F624FF0000348BF42F480421946DB
:101E90002846FFF731FD00283FF479AF9DE7B128D0
:101EA0003BD0B22800F09380B32841D000F0FC036F
:101EB000B42B92D000F007020132012342F4002239
:101EC00019462846FFF718FD00283FF460AF84E765
:101ED000C6284AD0C72854D000F0F803C02B63D0DE
:101EE000C82868D0C9287FF478AF3046FFF71CFFB8
:101EF000020300F00F0002F47022013002430121BE
:101F000005232846FFF7F8FC00283FF440AF64E7BC
:101F1000B8F1000F18D0002060E73046FFF704FF4B
:101F2000024600283FF459AF10F0F003C8D054E740
:101F30003046FFF7F9FE020300F00F03013302F40D
:101F400070221A430123BBE703AC43460E224146ED
:101F500000942846FFF7EAFA009443460F224146D0
:101F60002846FFF709FB404638E73046FFF7DCFE1E
:101F7000020300F00F03013302F470221A4303231B
:101F80009EE73046FFF7D0FE024600283FF425AF1B
:101F900010F0F0037FF421AF04212846FFF7ACFCDA
:101FA00000283FF4F4AE18E700F00F0201320323DB
:101FB00042F4202284E73046FFF7B6FE00F0F0023C
:101FC00000F00F031032013343EA023297E7002397
:101FD0000DF10C090D221946CDF800902846FFF7A7
:101FE000A5FA3046FFF7A0FE02064FF002040CD51A
:101FF000039B00F07F00A040184403903046FFF799
:1020000093FE030604F10704F2D4039BCDF800907D
:1020100000F07F02A24003F501731A4400230392EB
:1020200019460D222846FFF7A7FAB0E610B5C26C94
:10203000536884B04FF0030C08321C0208461B0E94
:1020400001A9019402928DF80CC08DF80D30FFF7B4
:1020500097FE04B010BD00BF08B5FFF78FFE806C7F
:1020600008BD00BF08B5FFF789FEC06CC379023315
:1020700000EB830008BD00BF704700BF844641EA03
:10208000000313F003036DD1403A41D351F8043BF0
:1020900040F8043B51F8043B40F8043B51F8043B42
:1020A00040F8043B51F8043B40F8043B51F8043B32
:1020B00040F8043B51F8043B40F8043B51F8043B22
:1020C00040F8043B51F8043B40F8043B51F8043B12
:1020D00040F8043B51F8043B40F8043B51F8043B02
:1020E00040F8043B51F8043B40F8043B51F8043BF2
:1020F00040F8043B51F8043B40F8043B51F8043BE2
:1021000040F8043B51F8043B40F8043B403ABDD250
:10211000303211D351F8043B40F8043B51F8043BF2
:1021200040F8043B51F8043B40F8043B51F8043BB1
:1021300040F8043B103AEDD20C3205D351F8043B81
:1021400040F8043B043AF9D2043208D0D2071CBF4D
:1021500011F8013B00F8013B01D30B880380604676
:10216000704700BF082A13D38B078DD010F00303EC
:102170008AD0C3F10403D21ADB071CBF11F8013B5C
:1021800000F8013B80D331F8023B20F8023B7BE7AB
:10219000043AD9D3013A11F8013B00F8013BF9D2D6
:1021A0000B7803704B7843708B7883706046704770
:1021B00008B5034801F0EEF801F0ACFB08BD00BF24
:1021C000AC09002410B582B0454A0DF1060145481E
:1021D00001F030FE002418E0434BD3ED0A7A9FED66
:1021E000437A77EEC77AC3ED0A7A3F4A4C2303FB62
:1021F0000422906A04EB440399003D4B0B4498621F
:10220000D16AD962126B1A630134032C66DCBDF803
:102210000630113BA342F7D14C2304FB03F31833E0
:102220002F493148184401F0F9F9BDF80630113B47
:10223000032BDAD801A252F823F000BFD9210008FD
:102240004D22000881220008C9220008264BD3ED48
:102250001D7AF1EE677AC3ED1D7A93ED1E7AB1EE29
:10226000477A83ED1E7A93ED1F7AB1EE477A83EDBC
:102270001F7A9FED207A77EE877AC3ED1D7AB4E757
:10228000194BD3ED307AFEEE006A67EEA67AC3ED05
:10229000307A93ED317A27EE267A83ED317AF1EEBA
:1022A000677AC3ED307AB1EE477A83ED317A93EDF8
:1022B000327AB1EE477A83ED327A9FED0F7A77EE7C
:1022C000C77AC3ED307A90E7074BD3ED437A9FEDA1
:1022D000077A77EE877AC3ED437A86E702B010BDBE
:1022E0007C080024281700242C0D0024F241EF3E26
:1022F000740A00240AA2923F832F304010B582B0A6
:102300004B4A0DF106014B4801F094FD042422E0F4
:10231000494BD3ED567A9FED497A77EE877AC3ED34
:10232000567A231F444A4C2101FB0422D2F828E0AC
:10233000434803EB430C4FEA8C010144C1F858E0D9
:10234000D2F82CC0C1F85CC0116B03EB43039A00B8
:10235000104401660134072C68DCBDF80630113BDF
:10236000A342F7D14C2304FB03F31833304932481E
:10237000184401F053F9BDF80630153B032BD0D8B3
:1023800001A252F823F000BF11230008992300088E
:10239000C5230008F9230008274BD3ED697AFEEE28
:1023A000006A67EEA67AC3ED697A93ED6A7A27EE42
:1023B000267A83ED6A7A9FED237A77EEC77AC3EDAA
:1023C000697AAEE71C4BD3ED7C7AF1EE677AC3ED08
:1023D0007C7A93ED7D7AB1EE477A83ED7D7A93ED49
:1023E0007E7AB1EE477A83ED7E7A9FED177A77EEAB
:1023F000C77AC3ED7C7A94E70F4BD3ED8F7AF1EE79
:10240000677AC3ED8F7A93ED907AB1EE477A83EDD8
:10241000907A93ED917AB1EE477A83ED917A9FEDC0
:10242000077A77EE877AC3ED8F7A7AE702B010BD2C
:1024300084080024C81700242C0D00240AA2923F0F
:10244000740A0024832F3040F241EF3E10B582B071
:10245000514A0DF10601514801F0ECFC08243EE020
:102460004F4BD3EDA27AFEEE006A67EEA67AC3ED7B
:10247000A27A93EDA37A27EE267A83EDA37AF1EE82
:10248000677AC3EDA27AB1EE477A83EDA37A93ED32
:10249000A47AB1EE477A83EDA47A9FED427A77EE83
:1024A000C77AC3EDA27AA4F108033D4A4C2101FB8F
:1024B0000422D2F828E03C4803EB430C4FEA8C019D
:1024C0000144C1F888E0D2F82CC0C1F88CC0116B6F
:1024D00003EB43039A001044C0F8901001340B2C16
:1024E00058DCBDF80630113BA342F7D14C2304FB66
:1024F00003F3183328492A48184401F08FF8BDF82F
:102500000630193B032BCED801A252F823F000BFAE
:1025100061240008212500085525000869250008C8
:102520001F4BD3EDB57AF1EE677AC3EDB57A93ED33
:10253000B67AB1EE477A83EDB67A93EDB77AB1EE1B
:10254000477A83EDB77A9FED197A77EE877AC3EDF4
:10255000B57AA8E7124BD3EDC87A9FED157A77EEDE
:10256000877AC3EDC87A9EE70D4BD3EDDB7AFEEE9A
:10257000006A67EEA67AC3EDDB7A93EDDC7A27EE8C
:10258000267A83EDDC7A9FED077A77EEC77AC3ED82
:10259000DB7A88E702B010BD8C080024681800249C
:1025A0002C0D0024832F3040740A0024F241EF3EAA
:1025B0000AA2923F0000000070B52DED028B1B04B3
:1025C0009DF8180043EA006343EA022241EA020050
:1025D000002A33DA9FED1E8AC0F3C7567F3EC0F350
:1025E00016000021FEF720FC06EE900A9FED197AF6
:1025F000C6EE877AB7EE007A77EE877AB8EEC88AA9
:1026000068EE277A17EE900AFDF7E6FF04460D46BE
:102610003046FDF7CFFF41EC110B9FED0B0B0AF09D
:102620003BFE53EC102B20462946FEF72DF8FEF713
:10263000DBFA00EE100ABDEC028B70BD9FED068A3E
:10264000CAE700BFAFF300800000000000000040B8
:10265000FFFFFFFFFEFFFF4A0100000030B583B01F
:1026600004460D4690F81131002B00F0B380002392
:10267000372B05DCE95CE21882F840100133F7E7FC
:1026800094F84A30009394F8493094F8482094F82C
:1026900047102046FFF790FF84ED2D0AB0EEC07A78
:1026A000F2EE047AB4EEE77AF1EE10FA40F1978098
:1026B000012384F8123184ED3A0A94F84E300093E5
:1026C00094F84D3094F84C2094F84B102046FFF7C6
:1026D00073FF84ED2E0A94F85230009394F8513031
:1026E00094F8502094F84F102046FFF765FF84EDD2
:1026F0002F0A94F85630009394F8553094F85420EB
:1027000094F853102046FFF757FF84ED300A94F8F1
:102710005A30009394F8593094F8582094F8571090
:102720002046FFF749FF84ED310A94F85E300093AC
:1027300094F85D3094F85C2094F85B102046FFF725
:102740003BFF84ED320A94F86230009394F86130D4
:1027500094F8602094F85F102046FFF72DFF84ED79
:10276000330A94F86630009394F8653094F8642046
:1027700094F863102046FFF71FFF84ED340A94F8A5
:102780006A30009394F8693094F8682094F86710E0
:102790002046FFF711FF84ED350A94F86E30009360
:1027A00094F86D3094F86C2094F86B102046FFF785
:1027B00003FF84ED360AD4F8C430C4F8F830D4F8F6
:1027C000C030C4F8F430D4F8C830C4F8FC3000236A
:1027D00084F8113194F810317BB300230AE0002310
:1027E00084F81231D4F8E830C4F8B43065E7EA5C14
:1027F000E25401333F2BFADDA37D0093637D227DFC
:10280000E17C2046FFF7D8FE84ED370AA37E0093D3
:10281000637E227EE17D2046FFF7CEFE84ED380AFE
:10282000A37F0093637F227FE17E2046FFF7C4FEF3
:1028300084ED390A002384F8103103B030BD7047AD
:10284000012800D0704708B54FF6FF73994200D0B9
:1028500008BD054A054906480AF018FD0323002B68
:10286000F6DB013BFBE700BF000000243F28000827
:10287000D0080024012309E0654AD2ED017A9FEDDA
:10288000657A77EE877AC2ED017A01330C2B00F37B
:10289000BD805A1E0B2AF8D801A151F822F000BFC2
:1028A00079280008D1280008ED280008152900081B
:1028B000292900083D2900085D2900087929000818
:1028C00095290008BD290008D9290008ED2900082C
:1028D0004F4AD2ED147A9FED507A77EEC77AC2ED67
:1028E000147AF1EE677AC2ED147ACEE7484AD2ED57
:1028F000277A9FED4A7A77EE877AC2ED277AF1EE52
:10290000677AC2ED277AB8EE007A67EE877AC2ED71
:10291000277ABAE73E4AD2ED3A7A9FED3E7A77EED1
:10292000C77AC2ED3A7AB0E7394AD2ED4D7A9FEDD7
:102930003A7A77EEC77AC2ED4D7AA6E7344AD2EDFD
:10294000607A9FED367A77EE877AC2ED607AB8EEDC
:10295000007A67EE877AC2ED607A96E72C4AD2ED6C
:10296000737A9FED2C7A77EE877AC2ED737AF1EE67
:10297000677AC2ED737A88E7254AD2ED867A9FEDB1
:10298000267A77EEC77AC2ED867AF1EE677AC2EDE3
:10299000867A7AE71E4AD2ED997A9FED207A77EE11
:1029A000877AC2ED997AF1EE677AC2ED997AB8EE3C
:1029B000007A67EE877AC2ED997A66E7144AD2ED1B
:1029C000AC7A9FED147A77EEC77AC2EDAC7AF1EE6D
:1029D000677AC2EDAC7A58E70D4AD2EDBF7A9FED27
:1029E0000E7A77EEC77AC2EDBF7A4EE7084AD2ED8B
:1029F000D27A9FED0A7A77EE877AC2EDD27AB8EE74
:102A0000007A67EE877AC2EDD27A3EE7704700BF60
:102A10002C0D0024F241EF3E0AA2923F832F30405A
:102A20000023036080F83830704700000E4B4FF0F1
:102A3000004159600022C3F8E820C3F8CC11C3F864
:102A4000B0220A4A1A65C3F83421C3F81822C3F821
:102A5000FC22074AC3F89C20C3F88021C3F86422F3
:102A6000C3F84823704700BF2C0D00243433F33FD4
:102A70009A9929C00E4B4FF0004159600022C3F8CB
:102A8000E820C3F8CC11C3F8B0220A4A1A65C3F88B
:102A90003421C3F81822C3F8FC22074AC3F89C204B
:102AA000C3F88021C3F86422C3F84823704700BFED
:102AB0002C0D0024CDCCCC3E333373BF0D4B0E49CF
:102AC00059600E4AC3F8E820C3F8CC11C3F8B0220D
:102AD0000B4A1A65C3F83421C3F81822C3F8FC2244
:102AE000084AC3F89C20C3F88021C3F86422C3F8C5
:102AF000482370472C0D0024CDCCCCBECDCCCC3E91
:102B0000CDCC8C3F000030C010B504460368002BCC
:102B100015DD40F2C31293423DD0B3F5E27F22DAD5
:102B2000322B2ED0B3F5AF7F3FD12046FFF7A2FF67
:102B30002046FFF79FFE23680133236003E090F8EF
:102B40003820002AE5D194F8383007EE903A184B37
:102B5000F8EE677AC3ED307AD4ED007AF8EEE77AD2
:102B6000C3ED317A10BDB3F57A7F1ED12046FFF751
:102B70005DFF2046FFF77EFE0023236084F8383097
:102B8000E1E72046FFF752FF2046FFF773FE236878
:102B900001332360D7E72046FFF790FF2046FFF779
:102BA00069FE236801332360CDE701332360CAE760
:102BB000F815002408B54FF6FF710120FFF740FE1D
:102BC00008BD000008B54FF40041034804F0ECFFD5
:102BD00000B9FEE708BD00BF0000025810B5194853
:102BE00006F05EFF64221849184800F0A1FF642235
:102BF0001749184800F09CFF64221749174800F055
:102C000097FF174C1749204600F0A2F8204600F025
:102C100043F91548FFF704FF0023144A82F8C63031
:102C2000134A82F81231FFF7CDFF01F0BBF800F034
:102C3000E9FD00F011FE08F08DFC01F0B1FC08F098
:102C40009BFCFEE7F8190024D01100248C1D002401
:102C5000CC120024481F002434120024201E00241B
:102C600028090024B41E002494080024AC09002480
:102C7000BC10002438B5002400E00134072C1ADC15
:102C80001E4B03EB840393ED007AF7EE007AB4EE6B
:102C9000677AF1EE10FAF0D1651CADB229461848FA
:102CA00000F095FD2946174800F091FD2946164889
:102CB00000F08DFDE1E7082400E001340B2C1BDC63
:102CC000A4F10803114A02EB830393ED007AF7EEB7
:102CD000007AB4EE677AF1EE10FAEED1A5B2294689
:102CE000074800F074FD2946064800F070FD2946AB
:102CF000054800F06CFDE0E738BD00BF3413002448
:102D000028170024C817002468180024B4130024CE
:102D100008B5FFF7AFFF012008F0A9FCF9E70000B4
:102D200010B5084C204600F07BFB0749204600F018
:102D30001DFC3321054801F0FBF8012008F097FC49
:102D4000EFE700BF740A0024481F00248C1D0024F4
:102D500008B5844608460B6810221A620A68136890
:102D600043F0100313601922614608F02FFB08BDE1
:102D7000CB7D002B40F08F804B788A7843EA02238A
:102D8000C3F30A0343868A78CB785B0143EAD20314
:102D9000C3F30A038386CA780B799B0043EA921334
:102DA0004A7943EA8223C3F30A03C3864A798B79BB
:102DB000DB0143EA5203C3F30A0303878A79CB7921
:102DC0001B0143EA1213C3F30A034387CA790B7A40
:102DD0005B0043EAD2134A7A43EA4223C3F30A036D
:102DE00083874A7A8B7A9B0143EA9203C3F30A03EF
:102DF000C3878A7ACB7ADB0043EA5213A0F84030CB
:102E00000B7B4A7B43EA0223C3F30A03A0F8423058
:102E10004A7B8B7B5B0143EAD203C3F30A03A0F82E
:102E200044308A7BCB7B9B0043EA92130A7C43EAC3
:102E30008223C3F30A03A0F846300A7C4B7CDB01F3
:102E400043EA5203C3F30A03A0F848304A7C8B7C60
:102E50001B0143EA1213C3F30A03A0F84A308A7C29
:102E6000CB7C5B0043EAD2130A7D43EA4223C3F3DF
:102E70000A03A0F84C300A7D4B7D9B0143EA920384
:102E8000C3F30A03A0F84E304A7D8B7DDB0043EA92
:102E90005213A0F8503070474FF07E528265054BB8
:102EA000C36542668366044B0367044B4367002394
:102EB00083677047000080BFC3F54840C3F548C032
:102EC00008B52DED048B07EE901AF0EE408AB0EEB7
:102ED000608A9FED0C9A9FED0C1AF0EE490AB8EE4D
:102EE000670A01F015F830EE490A9FED087AC0EE46
:102EF000077A38EE688A27EE888A38EE280ABDEC11
:102F0000048B08BD00002C430040E24400C0CC44C8
:102F1000DFED0B7AB4EEE70AF1EE10FA09D4DFED3B
:102F2000097AB4EEE70AF1EE10FA05D59FED060A2C
:102F300070479FED040A70479FED040A704700BF79
:102F40000000FA4300007A440000C842000000007C
:102F5000DFED067AB4EEE70AF1EE10FA02D59FED46
:102F6000040A70479FED030A704700BF00007A44CF
:102F70000000C84200000000DFED057AB4EEE70A69
:102F8000F1EE10FA01D4012070470020704700BF15
:102F900000007A44DFED057AB4EEE70AF1EE10FAAC
:102FA00001DC002070470120704700BF00007A4418
:102FB00010B50446D0ED160A90ED170A818EFFF782
:102FC0007FFF84ED150AD4ED190A94ED1A0A618E7B
:102FD0002046FFF775FF84ED180AD4ED1C0A94ED26
:102FE0001D0A218F2046FFF76BFF84ED1B0AA38F7C
:102FF00000EE103AB8EE400A2046FFF789FFBDEE1A
:10300000C00A84ED1E0A638F00EE103AB8EE400A43
:103010002046FFF79DFF84ED1F0AB4F8423000EE12
:10302000103AB8EE400A2046FFF7A6FF84F8800069
:1030300058B1B4F8443000EE103AB8EE400A2046D9
:10304000FFF7A8FF84F8810010BD002384F88130C9
:10305000FAE713780F2B00D0704710B50446137EA3
:1030600003B110BD1146FFF783FE2046FFF7A0FF16
:10307000F7E708B5FFF7EDFF08BD0000000000000E
:1030800070B52DED028B1B049DF8180043EA006318
:1030900043EA022241EA0200002A33DA9FED1E8A47
:1030A000C0F3C7567F3EC0F316000021FDF7BCFEFB
:1030B00006EE900A9FED197AC6EE877AB7EE007A8F
:1030C00077EE877AB8EEC88A68EE277A17EE900A0C
:1030D000FDF782FA04460D463046FDF76BFA41ECE7
:1030E000110B9FED0B0B0AF0D7F853EC102B204679
:1030F0002946FDF7C9FAFDF777FD00EE100ABDEC91
:10310000028B70BD9FED068ACAE700BFAFF3008057
:103110000000000000000040FFFFFFFFFEFFFF4A2D
:10312000010000002DE9F04383B006460D46174626
:10313000002432E04FF00008C146B9F10B0F28DC43
:1031400008F1010208F1020308F10301334432449B
:1031500006EB0800314491F89010009193F89030FC
:1031600092F8902090F890103046FFF789FF09F10F
:10317000180306EB830383ED000A09F13E02194BA5
:1031800003EB820383ED000A09F1010908F1040849
:10319000D3E7012386F8C6300134A7421FDD22465B
:1031A0002B1993F833307F2BF6D12B1993F832304B
:1031B000802BF1D12B1993F83130002BECD12A441C
:1031C00092F83030002BE7D186F8C630332BB1DCD3
:1031D000E218A95CF21882F890100133F6E703B008
:1031E000BDE8F083F8150024012309E0654AD2ED1B
:1031F000017A9FED657A77EE877AC2ED017A013325
:103200000C2B00F3BD805A1E0B2AF8D801A151F8EF
:1032100022F000BFED31000845320008613200089D
:10322000893200089D320008B1320008D13200080E
:10323000ED32000809330008313300084D3300082F
:10324000613300084F4AD2ED147A9FED507A77EE41
:10325000C77AC2ED147AF1EE677AC2ED147ACEE73E
:10326000484AD2ED277A9FED4A7A77EE877AC2ED07
:10327000277AF1EE677AC2ED277AB8EE007A67EE28
:10328000877AC2ED277ABAE73E4AD2ED3A7A9FEDC5
:103290003E7A77EEC77AC2ED3A7AB0E7394AD2ED94
:1032A0004D7A9FED3A7A77EEC77AC2ED4D7AA6E76E
:1032B000344AD2ED607A9FED367A77EE877AC2EDA6
:1032C000607AB8EE007A67EE877AC2ED607A96E7A8
:1032D0002C4AD2ED737A9FED2C7A77EE877AC2ED85
:1032E000737AF1EE677AC2ED737A88E7254AD2EDF8
:1032F000867A9FED267A77EEC77AC2ED867AF1EE6E
:10330000677AC2ED867A7AE71E4AD2ED997A9FED06
:10331000207A77EE877AC2ED997AF1EE677AC2ED7C
:10332000997AB8EE007A67EE877AC2ED997A66E705
:10333000144AD2EDAC7A9FED147A77EEC77AC2EDDB
:10334000AC7AF1EE677AC2EDAC7A58E70D4AD2ED6D
:10335000BF7A9FED0E7A77EEC77AC2EDBF7A4EE75D
:10336000084AD2EDD27A9FED0A7A77EE877AC2EDDB
:10337000D27AB8EE007A67EE877AC2EDD27A3EE76B
:10338000704700BF2C0D0024F241EF3E0AA2923F8D
:10339000832F304008B590F8C6305BB91D4B93F8C9
:1033A00081308BB31C4B012283F838201A48FFF779
:1033B000ABFB08BD026E194BC3F8E820426EC3F8A0
:1033C0003421826EC3F88021C26E5A60026F1A6582
:1033D000426FC3F89C20826FC3F8B022C26FC3F85B
:1033E000FC22D0F88020C3F84823D0F88420C3F80A
:1033F000CC21D0F88820C3F81822D0F88C20C3F84C
:103400006422FFF7F1FEC9E7034B002283F838205E
:10341000CCE700BF28090024940800242C0D0024C8
:103420004F4BD3F80C21C0F8C820D3F85821C0F86E
:10343000CC20D3F8A421C0F8D0209A6AC0F8D420B8
:103440005A6FC0F8D820D3F8C020C0F8DC20D3F8D9
:10345000D422C0F8E020D3F82023C0F8E420D3F829
:103460006C23C0F8E820D3F8F021C0F8EC20D3F8A2
:103470003C22C0F8F020D3F88822C0F8F420D3F81A
:103480001021C0F8F820D3F85C21C0F8FC20D3F854
:10349000A821C0F80021DA6AC0F804219A6FC0F8A8
:1034A0000821D3F8C420C0F80C21D3F8D822C0F8E2
:1034B0001021D3F82423C0F81421D3F87023C0F8C6
:1034C0001821D3F8F421C0F81C21D3F84022C0F809
:1034D0002021D3F88C32C0F824314368C0F8283159
:1034E0008368C0F82C31C368C0F830310368C0F875
:1034F00034310369C0F838314369C0F83C3183691D
:10350000C0F84031174B5A6DC0F844211A6EC0F80C
:103510004821DA6EC0F84C21DB6FC0F8503123230C
:103520002E2B0EDCA3F123010D4A4FF04C0C0CFBAB
:103530000122916B03F1320200EB82021160013330
:10354000EEE7002309E003F1320200EB820211688A
:10355000054A02EB8302116001332F2BF3DD704724
:103560002C0D002428090024F815002438B50D4638
:10357000144C902200F1C8012046FEF77FFD002385
:1035800084F88C3084F88D30802384F88E307F234B
:1035900084F88F30042307E01A1F0A4810F802C08D
:1035A000094A02F803C00133932BF5DD0649EF23E6
:1035B0000B70FF234B708B70CB709422284606F063
:1035C000A1FE38BD040C0024940C002431EE601AD6
:1035D00030EE600A01238340013B07EE903AF8EE9B
:1035E000E77A60EE277A87EE817AFDEEC77A17EEEA
:1035F000900A704707EE900A70EEC00AF8EEE77A7C
:1036000067EEA00A01238B40013B07EE903AF8EEEB
:10361000E77A80EEA77A37EE000A7047F8B50446DD
:103620000D460B7803F00F0303700B781B094370F2
:103630004B78887840EA03206060CB780F793F09A7
:1036400047EA0317A7600E79360206F470664B79D5
:103650001E43E6601021F2EE090ABAEE090AFFF7EE
:10366000C9FF84ED040A0C21DFED100A9FED100A5A
:103670003846FFF7BFFF84ED050A0C21F3EE040A7C
:10368000BBEE040A3046FFF7B5FF84ED060AAB79BE
:1036900007EE903AF8EE677AC4ED077AEB7907EE19
:1036A000903AF8EE677AC4ED087AF8BD000034422B
:1036B000000034C22DE9F04F2DED048B83B080461D
:1036C0008946F0EE609AB0EE419AF0EE618AB0EE73
:1036D000428A1020B2EE091AFAEE090AFFF776FFC5
:1036E00082461FFA80FB0C209FED271ADFED270A88
:1036F000B0EE690AFFF76AFF87B2DFED259A0C206A
:103700009FED241AF0EE690AB0EE490AFFF75EFF5A
:10371000064684B20C20B1EE041AF0EE690AB0EE4F
:10372000680AFFF753FF85B20C20B3EE041AFBEED4
:10373000040AB0EE480AFFF749FF4FEA1B2B8DF849
:1037400000B08DF801A03B098DF80230240A44EA4C
:1037500007148DF803408DF804602B098DF80530AF
:10376000C0F3072343EA05158DF806508DF80700CE
:1037700008236A464946404600F048FB03B0BDECCA
:10378000048BBDE8F08F00BF00003442000034C25B
:10379000000000000000FA4300B583B0FF238DF85D
:1037A00000308DF801308DF802308DF803308DF83F
:1037B00004308DF805308DF80630FC238DF8073085
:1037C00008236A4600F022FB03B05DF804FB00B555
:1037D00083B0FF238DF800308DF801308DF8023072
:1037E0008DF803308DF804308DF805308DF80630F3
:1037F000FE238DF8073008236A4600F007FB03B06C
:103800005DF804FB70B500261AE0ACB2611C89B209
:103810000E48FFF7C1FF611D89B20D48FFF7BCFFDD
:1038200004F1090189B20B48FFF7B6FF0A2001F045
:103830006FFE0135032DE8DD0A2001F069FE013637
:10384000312E01DC0025F5E770BD00BF28170024EC
:10385000C81700246818002400210AE0064B4C22F7
:1038600002FB013300225A601A60DA601A619A6022
:1038700001310B29F2DD70472C0D0024214B9A6F8A
:10388000642A11D0B2F57A7F1FD052B1002236E0FF
:103890001D4B4C2101FB02330021D9601961996055
:1038A00001320B2AF4DD704700220BE0164B4C214D
:1038B00001FB02331549D9604FF07E511961002197
:1038C000996001320B2AF1DDEDE700220BE00E4B8F
:1038D0004C2101FB02330E49D9604FF07E51196132
:1038E0000021996001320B2AF1DDDCE7064B4C2107
:1038F00001FB02330021D9601961996001320B2A62
:10390000F4DDD0E7280900242C0D00240000A0409D
:103910000000C84170B52DED028BFFF7AFFF254BBE
:103920001B68032B02DD234B00221A60214D2968FE
:103930009FED218A214C4C2606FB01430131B0EE5C
:10394000482AD3ED041A93ED031AF0EE480A93EDDA
:10395000010A89B21A48FFF7ADFE29680B1D06FB64
:1039600003430531B0EE482AD3ED041A93ED031A50
:10397000F0EE480A93ED010A89B21248FFF79AFE69
:10398000296801F1080306FB03440931B0EE482A17
:10399000D4ED041A94ED031AF0EE480A94ED010AEE
:1039A00089B20948FFF786FE2B6801332B60BDEC16
:1039B000028B70BD280D0024000000002C0D002497
:1039C00028170024C81700246818002408B500F040
:1039D0009BFB08BD08B5024602490348FFF749FBB7
:1039E00008BD00BFB41E00242809002408B50A46FB
:1039F00001460248FFF796FB08BD00BFAC09002452
:103A00002DE9F04105460E46002409E0234800F167
:103A10007801FEF723FE3B78FC2B1ED00134E4B284
:103A2000B44239D2A0462F192B5DFC2BF3D17B7801
:103A3000412BF0D197F83730FD2BECD1174B0122F9
:103A400083F811210023372BE0DCE218A95C134A2C
:103A50001A4482F878100133F5E705EB08035B7828
:103A6000402BDBD1A84498F83F30FD2BD6D10B4B2F
:103A7000012283F81021002306E0E218A95C074A1E
:103A80001A4482F8781001333F2BF6DD034800F129
:103A90007801FEF7E3FDC1E7BDE8F081BC1000242A
:103AA00038B5FFF7ADFF204DD5F8CC301F4C236063
:103AB000D5F8D0306360D5ED357AF1EE677AC4ED94
:103AC000027AD5ED367AF1EE677AC4ED037AD5F84D
:103AD000E8302361D5ED2E7AF1EE677AC4ED057AF0
:103AE000D5ED2F7AF1EE677AC4ED067AD5F8DC30A1
:103AF000E361D5F8E00080F00040FCF76DFD08A31D
:103B0000D3E90023FCF70AFCFDF76EF82062D5ED3F
:103B1000397AF1EE677AC4ED097A38BDAFF30080E7
:103B20009A9999999999B93FBC100024740A002474
:103B300010B50468236843F01003236007F046FCC7
:103B400010BD00002DE9F0410446884615461F4689
:103B5000C06E40B12368DA6912F0100F5AD01B68AA
:103B600013F0100F56D0236810221A62204606F078
:103B700017FCFEB2D8F80010314A324B994218BFF8
:103B800091422DD0183399422AD01833994227D028
:103B90001833994224D01833994221D018339942CE
:103BA0001ED0183399421BD003F55673994217D093
:103BB0001833994214D01833994211D018339942CE
:103BC0000ED0183399420BD01833994208D01833CD
:103BD000994205D01833994202D04B68DBB201E01C
:103BE0004B68DBB2F61AF6B2174B9C4214D0174B57
:103BF0009C4216D0164B9C4218D0164B9C421AD0B1
:103C00003246002128460AF05DFB3A462946204606
:103C100007F0DCFBBDE8F08131462846FFF7D6FE11
:103C2000EEE731462846FFF7D5FEE9E7314628465C
:103C3000FFF7DCFEE4E731462846FFF731FFDFE718
:103C400010000240280002408C1D0024B41E0024F5
:103C5000481F0024201E0024002380F884300368BD
:103C6000DA6912F0080F08D008221A620368DA69CC
:103C70005A6A1A6842F010021A607047F0B58BB0A9
:103C800000240294039402250495012605960694C7
:103C90000794414F02A9384603F0BEFA0094234628
:103CA0002A462946384603F0FBFA32463146384662
:103CB00003F011FB02940394049505950694079470
:103CC00002A9384603F0A8FA009423462A4629465A
:103CD000384603F0E5FA32462946384603F0FBFA47
:103CE0000294039404950596069407942B4F02A919
:103CF000384603F091FA009423462A46294638466E
:103D000003F0CEFA32463146384603F0E4FA029424
:103D10000394049505950694079402A9384603F088
:103D20007BFA009423462A462946384603F0B8FA1F
:103D300032462946384603F0CEFA0294039404959D
:103D4000059606940794164F02A9384603F064FAC4
:103D5000009423462A462946384603F0A1FA324603
:103D60003146384603F0B7FA02940394049505955A
:103D70000694079402A9384603F04EFA00942346AD
:103D80002A462946384603F08BFA324629463846F9
:103D900003F0A1FA0BB0F0BD28170024C8170024C7
:103DA0006818002470B5FFF769FF154E304603F020
:103DB000C1FA144D284603F0BDFA134C204603F017
:103DC000B9FA00220121304603F0FEFB0022012156
:103DD000284603F0F9FB00220121204603F0F4FB02
:103DE00000221021304603F0EFFB0022102128466C
:103DF00003F0EAFB00221021204603F0E5FB70BD32
:103E000028170024C81700246818002400B58BB0B8
:103E1000019100210291039104930591069107916C
:103E20000891099101A903F09FFA00B101200BB09C
:103E30005DF804FB10B58AB00C4613460E4AD2ED6D
:103E4000007AF5EE407AF1EE10FA0AD16A46402186
:103E500003F0C6FA68B9009B23809DF80E000AB0F3
:103E600010BD6A46412103F0BBFA0028F3D00020C0
:103E7000F5E70020F3E700BF3013002411F0010F35
:103E800017D010B504460B4B00221A600A4B98421B
:103E900006D00A4B9C4206D0094B9C4206D010BD6E
:103EA000FEF790F9F5E7FEF729FAF5E7FEF7CEFA07
:103EB000F5E770473013002428170024C8170024A2
:103EC0006818002411F0100F18D010B504460C4BE0
:103ED0004FF07E521A600B4B984206D00A4B9C4220
:103EE00006D00A4B9C4206D010BDFEF76BF9F5E7F1
:103EF000FEF704FAF5E7FEF7A9FAF5E7704700BF09
:103F00003013002428170024C81700246818002440
:103F1000B4EEE00AF1EE10FA07D4B4EEC10AF1EE05
:103F200010FA04DDB0EE410A7047B0EE600A704747
:103F300070B505460C4C4FF4967632460B49204638
:103F4000FEF79CF8002384F8283184F82931802377
:103F500084F82A317F2384F82B31324621462846C3
:103F600006F0D0F970BD00BFCC140024F815002471
:103F700082B000230AE0D91C184A0A44117903F1DF
:103F800008026A4402F8041C0133DBB2032BF2D9A5
:103F90000138062808D8DFE800F004090D111519CA
:103FA0001D00019A0E4B1A6002B07047019A0C4B2B
:103FB0005A60F9E7019A0A4B9A60F5E7019A084BB3
:103FC000DA60F1E7019A064B1A61EDE7019A044BBA
:103FD0005A61E9E7019A024B9A61E5E7B4140024BB
:103FE0003414002482B000230AE0D91C1A4A0A447F
:103FF000117903F108026A4402F8041C0133DBB2B0
:10400000032BF2D90138072808D8DFE800F00409AB
:104010000D1115191D21019A104B1A6002B070473D
:10402000019A0E4B5A60F9E7019A0C4B9A60F5E73A
:10403000019A0A4BDA60F1E7019A084B1A61EDE741
:10404000019A064B5A61E9E7019A044B9A61E5E748
:10405000019A024BDA61E1E7B4140024341300241E
:1040600082B000230AE0D91C114A0A44117903F1F5
:1040700008026A4402F8041C0133DBB2032BF2D9B4
:104080000138032806D8DFE800F002070B0F019A79
:10409000084B1A6002B07047019A064B5A60F9E764
:1040A000019A044B9A60F5E7019A024BDA60F1E756
:1040B000B4140024B413002484B008B50DF1080C26
:1040C0008CE80F000F4B1B79FE2B03D0BDE8084096
:1040D00004B070470B4B5B79EF2BF7D1094B987904
:1040E000030900F00F00012B06D0022B07D0002B94
:1040F000ECD1FFF73DFFE9E7FFF774FFE6E7FFF7D5
:10410000AFFFE3E7B4140024F0B583B006460D46D4
:10411000002407E01E4B1A785A709B78142B21D884
:104120000134E4B2AC4230D2315D194B19709A7847
:10413000501C98701A4411713222DA705B78ED2BA2
:10414000E8D1DE29E6D1124F07F1100393E803000E
:104150008DE8030097E80F00FFF7AEFF00237B70A8
:10416000BB70D7E70A4B00229A7005E0084AD118C5
:104170000020087101339370054B9B78132BF5D900
:10418000034B00225A709A70CAE703B0F0BD00BF1B
:10419000B414002400B583B0294BD3F8D82042F0E2
:1041A0000202C3F8D820D3F8D82002F0020200920D
:1041B000009AD3F8D82042F00102C3F8D820D3F8EF
:1041C000D83003F001030193019B002211460B201C
:1041D00001F0C4F90B2001F0F7F9002211460C2080
:1041E00001F0BCF90C2001F0EFF9002205210D20AF
:1041F00001F0B4F90D2001F0E7F9002211460E207C
:1042000001F0ACF90E2001F0DFF9002211463B204D
:1042100001F0A4F93B2001F0D7F9002211463C201F
:1042200001F09CF93C2001F0CFF900221146462014
:1042300001F094F9462001F0C7F903B05DF804FBE2
:104240000044025810B51648164B036000238360E3
:10425000C360037443748374032444610A2282613B
:104260001D21C161026244628262C16202634363D2
:1042700001228263C36320210164042242648164B9
:10428000C264036542658365C365016643668266F1
:1042900002F078FE00B910BD00F034FAFBE700BF71
:1042A0002817002400A0004010B51748174B0360E2
:1042B00000238360C36003744374837403244461E4
:1042C0000A2282611D21C161026244628262C1626E
:1042D000026340F65302426301228263C3632021DA
:1042E0000164042242648164C2640365426583659B
:1042F000C36501664366826602F044FE00B910BDE4
:1043000000F000FAFBE700BFC817002400A400403B
:1043100010B51748174B036000238360C360037414
:1043200043748374032444610A2282611D21C161A4
:10433000026244628262C162026340F2AA62426324
:1043400001228263C36320210164042242648164E8
:10435000C264036542658365C36501664366826620
:1043600002F010FE00B910BD00F0CCF9FBE700BF71
:104370006818002400D4004030B5BBB004460021CA
:1043800035913691379138913991B82206A809F0C4
:1043900099FF23687B4A934208D07B4A934253D0CB
:1043A0007A4A934200F09E803BB030BD4FF4004209
:1043B0000023CDE906234FF08053219306A804F093
:1043C000E1FA80BB724A136801331360012B2DD0D0
:1043D000704BD3F8E02042F00802C3F8E020D3F895
:1043E000E03003F008030193019B0323359302237C
:1043F00036930024379438940923399335A96648B5
:1044000003F0C8FA22460521132001F0A7F8132073
:1044100001F0DAF822460521152001F09FF8152059
:1044200001F0D2F8C0E700F06DF9CBE7594BD3F8B3
:10443000EC2042F48072C3F8EC20D3F8EC3003F4A3
:1044400080730093009BC3E74FF400420023CDE943
:1044500006234FF08053219306A804F093FA80BB03
:104460004B4A136801331360012B2DD0494BD3F80D
:10447000E02042F00202C3F8E020D3F8E03003F07D
:1044800002030393039B6023359302233693002496
:10449000379438940923399335A9404803F07AFAC0
:1044A00022460521142001F059F8142001F08CF85F
:1044B00022460521162001F051F8162001F084F85B
:1044C00072E700F01FF9CBE7324BD3F8EC2042F44F
:1044D0008072C3F8EC20D3F8EC3003F480730293BD
:1044E000029BC3E74FF400420023CDE906234FF0BF
:1044F0008053219306A804F045FA88BB244A136828
:1045000001331360012B2ED0224BD3F8E02042F070
:104510000802C3F8E020D3F8E03003F00803059365
:10452000059B4FF440533593022336930024379470
:1045300038940525399535A9174803F02BFA2246FA
:1045400029469F2001F00AF89F2001F03DF82246FD
:104550002946A02001F002F8A02001F035F823E759
:1045600000F0D0F8CAE70B4BD3F8EC2042F480728D
:10457000C3F8EC20D3F8EC3003F480730493049B6D
:10458000C2E700BF00A0004000A4004000D40040EB
:104590002417002400440258000C0258000402585A
:1045A00008B5074A0021074807F002F8064B1860D3
:1045B000064A0021064806F0FBFF064B186008BDBE
:1045C00034E90008112D00080C19002410E9000836
:1045D000212D00080819002430B58DB0002407945F
:1045E000089409940A940B94394BD3F8E02042F0D4
:1045F0001002C3F8E020D3F8E02002F0100201928C
:10460000019AD3F8E02042F00402C3F8E020D3F886
:10461000E02002F004020292029AD3F8E02042F075
:104620008002C3F8E020D3F8E02002F08002039279
:10463000039AD3F8E02042F00102C3F8E020D3F857
:10464000E02002F001020492049AD3F8E02042F044
:104650000202C3F8E020D3F8E02002F00202059243
:10466000059AD3F8E02042F00802C3F8E020D3F81E
:10467000E03003F008030693069B164D01224FF429
:104680006041284603F097FA4FF4604307930123F3
:10469000089309940A9407A9284603F07BF94FF47C
:1046A000C05307930223089309940A94A5F5006563
:1046B00007A9284603F06EF94FF4004307930894C6
:1046C000099407A9284603F065F90DB030BD00BF75
:1046D000004402580008025810B504460268074B0F
:1046E0009A4204D02268064B9A4203D010BDFDF7CF
:1046F0005FFDF7E700F0FAFEF8E700BF00100040AA
:104700000008004072B6FEE700B59DB04C220021C3
:1047100009A809F0D7FD2022002101A809F0D2FD47
:10472000022003F04FFA00230093204B9A6922F4F1
:1047300040429A619B6903F440430093009B1B4BEA
:104740009B6913F4005FFAD0012209924FF4803381
:104750000A9302231293139314932821159116920E
:104760000422179218930C23199300231A931B9376
:1047700009A803F051FAA8B93F230193032102913C
:1047800000230393082304934023059306934FF4D7
:1047900080620792089301A803F02EFE20B91DB095
:1047A0005DF804FBFFF7AEFFFFF7ACFF00480258CF
:1047B00008B500F06DFEFFF7A7FFFFF70DFFFFF74D
:1047C000E9FC00F0B3FB00F0E5FB00F07BFB00F040
:1047D000D5F900F0F9FAFFF735FDFFF765FDFFF7B2
:1047E00097FD00F095FA00F031FBFEF7F7F906F0BF
:1047F000B1FEFFF7D5FE06F0BFFEFEE700B583B0C1
:104800000A4BD3F8F42042F00202C3F8F420D3F8A4
:10481000F43003F002030193019B00220F216FF09B
:10482000010000F09BFE03B05DF804FB0044025859
:104830000F2801D90120704710B58AB00446002224
:1048400001461E2000F08AFE1E2000F0BDFE1A4B1D
:104850001C601A4BD3F8E82042F00402C3F8E820A9
:10486000D3F8E83003F004030093009B01A902A8E9
:1048700003F052FF079BBBB903F02AFF0346104821
:10488000A0FB03239B0C013B0E480F4A026040F241
:10489000E732C260436000230361836005F0A2FA3F
:1048A00030B101200AB010BD03F012FF4300E6E76B
:1048B000044805F0F5F8F5E710000024004402581C
:1048C00083DE1B431019002400080040FEE7FEE7CA
:1048D000FEE7FEE7FEE7704708B5024801F084FEF8
:1048E00008BD00BF9C1C002408B5024801F07CFEF6
:1048F00008BD00BF141D002408B5024801F074FE75
:1049000008BD00BF441A002408B5024801F06CFE3F
:1049100008BD00BF341B002408B5024802F0ACFEFD
:1049200008BD00BF2817002408B5024802F0A4FE05
:1049300008BD00BFC817002408B5024802F09CFE5D
:1049400008BD00BF2817002408B5024802F094FEF5
:1049500008BD00BFC817002408B5024805F0F4F8E8
:1049600008BD00BFAC19002408B5024805F0ECF8FA
:1049700008BD00BF1019002410B5054C204605F0F5
:10498000DBFD6423034A04492046FFF7DBF810BD32
:104990008C1D0024D01100249C1C002410B5054C53
:1049A000204605F0C9FD3223034A04492046FFF79B
:1049B000C9F810BDB41E002498120024441A002423
:1049C00008B5024805F0C0F808BD00BFF81900247A
:1049D00008B5024801F008FE08BD00BF241C0024F1
:1049E00008B5024801F000FE08BD00BFBC1A002453
:1049F00008B5024801F0F8FD08BD00BFAC1B00245B
:104A000010B5054C204605F097FD6423034A044980
:104A10002046FFF797F810BD481F0024CC12002451
:104A2000BC1A002410B5054C204605F085FD642312
:104A3000034A04492046FFF785F810BD201E0024D4
:104A400034120024AC1B002408B5024802F014FE06
:104A500008BD00BF6818002408B5024802F00CFE2B
:104A600008BD00BF681800240120704708B509F090
:104A7000FFFB162303604FF0FF3008BD08B54FF071
:104A8000FF31FFF7F3FFFEE710B503460C4A0D496F
:104A90000D48006840B10C4800680344521A934224
:104AA00006D8094A136010BD0748084C0460F2E7B5
:104AB00009F0DEFB0C2303604FF0FF30F3E700BF8B
:104AC00000000524000400005C190024C8710024C3
:104AD000224AD2F8883043F47003C2F88830204B61
:104AE0001B6803F00F03062B06D81D4A136823F03A
:104AF0000F0343F0070313601A4B1A6842F00102D8
:104B00001A6000221A611968174A0A401A60144B89
:104B10001B6813F0080F06D0114A136823F00F0327
:104B200043F0070313600F4B00229A61DA611A62A7
:104B30000E4999620E49D9620E4919635A63996305
:104B4000DA6319645A64196821F4802119601A66BD
:104B5000094B43F2D2021A60704700BF00ED00E03B
:104B600000200052004402587FEDF6EA00020202E3
:104B70000000FF01800201010040005200B585B035
:104B800000230193029303930F48104A026040F2FE
:104B9000DF124260836040F2E733C36080238361A9
:104BA00005F020F950B900230193039301A90648A9
:104BB00005F008FB28B905B05DF804FBFFF7A2FD7E
:104BC000F1E7FFF79FFDF6E7F81900240010004019
:104BD00000B583B00368B3F1804F05D0184A934203
:104BE00018D003B05DF804FB164BD3F8E82042F070
:104BF0000102C3F8E820D3F8E83003F00103009382
:104C0000009B002205211C2000F0A8FC1C2000F0C5
:104C1000DBFCE6E70B4BD3F8E82042F01002C3F8C8
:104C2000E820D3F8E83003F010030193019B002241
:104C30000521362000F092FC362000F0C5FCD0E7BC
:104C4000001000400044025802680A4B9A4200D00B
:104C5000704782B0084BD3F8E82042F04002C3F816
:104C6000E820D3F8E83003F040030193019B02B041
:104C7000704700BF001800400044025800B589B0DA
:104C80000023039304930593069307930368B3F1FA
:104C9000804F05D01A4A934219D009B05DF804FB41
:104CA000184BD3F8E02042F00102C3F8E020D3F81B
:104CB000E03003F001030193019B012303930222DF
:104CC0000492079303A9104802F064FEE5E70D4B38
:104CD000D3F8E02042F00202C3F8E020D3F8E0303D
:104CE00003F002030293029B4FF400430393022359
:104CF0000493079303A9054802F04CFECDE700BFDB
:104D000000180040004402580000025800040258F5
:104D100000B58FB000230A930B930C930D93079368
:104D200008930993009301930293039304930593CB
:104D3000069324484FF08042026040F65F124260C2
:104D400083604FF47A72C26003618023836105F04F
:104D500049F838BB4FF480530A930AA9194805F063
:104D600095F910BB174805F06DF808BB00230793B1
:104D7000099307A9134805F025FAE0B960230093C9
:104D800041F2883301930223029300220492694680
:104D90000C4805F0D1F888B90A48FFF76FFF0FB04B
:104DA0005DF804FBFFF7AEFCD4E7FFF7ABFCD9E7F7
:104DB000FFF7A8FCDAE7FFF7A5FCDFE7FFF7A2FCA7
:104DC000EAE700BFAC19002400B58BB000230793BD
:104DD000089309930093019302930393049305931B
:104DE00006931848184A0260EF2242608360F92255
:104DF000C26003618023836105F024F8C8B90023F1
:104E00000793099307A90F4805F0DCF9A0B96023BF
:104E100000930023019302930493042269460948F6
:104E200005F08AF858B90748FFF728FF0BB05DF87E
:104E300004FBFFF767FCE2E7FFF764FCE7E7FFF737
:104E400061FCF0E7601900240018004008B51A481A
:104E50001A4B03601A4B43604FF4805383604FF446
:104E60000053C3604FF4806303610C23436100234C
:104E70008361C36103624362836206F01CFA70B906
:104E800000210D4806F010FB60B900210A4806F029
:104E900030FB50B9084806F0E8FA48B908BDFFF7FA
:104EA00031FCEDE7FFF72EFCEFE7FFF72BFCF1E716
:104EB000FFF728FCF2E700BFB41E002400500040BA
:104EC000A086010008B51748174B03604FF4612313
:104ED000436000238360C36003610C2242618361ED
:104EE000C36103624362836206F0E5F970B9002191
:104EF0000C4806F0D9FA60B900210A4806F0F9FA20
:104F000050B9084806F0B1FA48B908BDFFF7FAFBF6
:104F1000EDE7FFF7F7FBEFE7FFF7F4FBF1E7FFF74C
:104F2000F1FBF2E7481F00240078004008B517485D
:104F3000174B03604FF4E133436000238360C36089
:104F400003610C2242618361C36103624362836235
:104F500006F0B1F970B900210C4806F0A5FA60B965
:104F600000210A4806F0C5FA50B9084806F07DFA53
:104F700048B908BDFFF7C6FBEDE7FFF7C3FBEFE756
:104F8000FFF7C0FBF1E7FFF7BDFBF2E78C1D002444
:104F90000010014008B51748174B03604FF4612318
:104FA000436000238360C36003610C22426183611C
:104FB000C36103624362836206F07DF970B9002128
:104FC0000C4806F071FA60B900210A4806F091FA1F
:104FD00050B9084806F049FA48B908BDFFF792FBF6
:104FE000EDE7FFF78FFBEFE7FFF78CFBF1E7FFF74C
:104FF00089FBF2E7201E0024001C0140F0B5BFB081
:105000000446002139913A913B913C913D91B8225F
:105010000AA809F057F92368AD4A93420CD0AD4A6B
:10502000934277D0AC4A934200F0E780AB4A934278
:1050300000F07D813FB0F0BD02220023CDE90A23BC
:105040000AA803F09FFC00285ED1A54BD3F8E82006
:1050500042F48012C3F8E820D3F8E82002F480126A
:105060000192019AD3F8E02042F00202C3F8E02056
:10507000D3F8E02002F002020292029AD3F8E02074
:1050800042F00802C3F8E020D3F8E03003F0080350
:105090000393039B4FF40053399302263A9600255D
:1050A0003B953C950E233D9339A98E4802F072FC46
:1050B000042339933A963B953C9508233D9339A9AF
:1050C000894802F067FC8948894B036041234360AB
:1050D0008560C5604FF48063036145618561C5618A
:1050E0004FF400330362456200F090FC78B97F4BC7
:1050F000C4F880309C6300220521352000F02EFA90
:10510000352000F061FA95E7FFF7FCFA9DE7FFF71D
:10511000F9FAECE702220023CDE90A230AA803F0FA
:1051200031FC002860D16E4BD3F8E82042F0804279
:10513000C3F8E820D3F8E82002F080420492049AF1
:10514000D3F8E02042F01002C3F8E020D3F8E030BA
:1051500003F010030593059B4FF4C07339930223AA
:105160003A9300253B953C9507233D9339A9614827
:1051700002F010FC6048614B03604F234360856080
:10518000C5604FF48063036145618561C5614FF47B
:1051900000330362456200F039FC40BB564BC4F853
:1051A00080309C635648574B036050234360402334
:1051B00083600023C3604FF48062026143618361B6
:1051C000C3614FF400320262436200F01FFC88B9F1
:1051D0004B4BE3679C6300220521522000F0BEF98F
:1051E000522000F0F1F925E7FFF78CFA9BE7FFF773
:1051F00089FAD3E7FFF786FAEAE701220023CDE92F
:105200000A230AA803F0BEFB002840F08780344B35
:10521000D3F8F02042F01002C3F8F020D3F8F020C9
:1052200002F010020692069AD3F8E02042F0010242
:10523000C3F8E020D3F8E03003F001030793079BA5
:105240004FF4C063399302233A9300253B953C9574
:1052500007233D9339A92C4802F09CFB2B482C4B8B
:105260000360292343608560C5604FF48063036158
:1052700045618561C5614FF400330362456200F00A
:10528000C5FB00284DD1214BC4F880309C632148D8
:10529000214B03602A234360402383600023C360C3
:1052A0004FF48062026143618361C36103624362C0
:1052B00000F0ACFBC0BB174BE3679C6300220521E9
:1052C000252000F04BF9252000F07EF9B2E600BF62
:1052D000005000400078004000100140001C0140D8
:1052E0000044025800040258000C0258441A0024DA
:1052F0004000024000100258BC1A00247004024012
:10530000341B002458000240000002589C1C00245A
:1053100010000240141D002428000240FFF7F2F99B
:1053200075E7FFF7EFF9AEE7FFF7ECF9C3E7012206
:105330000023CDE90A230AA803F024FB002868D142
:10534000384BD3F8F02042F08002C3F8F020D3F8B5
:10535000F02002F080020892089AD3F8E02042F090
:105360001002C3F8E020D3F8E03003F010030993F3
:10537000099B0423399302273A9700253B953C95D6
:105380003D93294E39A9304602F004FB0823399396
:105390003A973B953C950B233D9339A9304602F053
:1053A000F9FA2248224B0360762343608560C5608A
:1053B0004FF48063036145618561C5614FF44033FB
:1053C0000362456200F022FB30BB184BC4F880300A
:1053D0009C631848184B0360772343604023836025
:1053E0000023C3604FF48062026143618361C36143
:1053F0000362436200F00AFB88B90E4BE3679C63CB
:10540000002205219C2000F0A9F89C2000F0DCF887
:1054100010E6FFF777F993E7FFF774F9D5E7FFF7A1
:1054200071F9EAE70044025800100258AC1B00244E
:10543000B8040240241C002458040240DFF834D091
:10544000FFF746FB0C480D490D4A002302E0D458F3
:10545000C4500433C4188C42F9D30A4A0A4C0023BE
:1054600001E013600432A242FBD308F007FFFFF70C
:105470009FF9704700000524000000245C08002408
:1054800028EC000860080024C4710024FEE7000036
:1054900010B5032000F050F802F0B4FE0F498B69FC
:1054A000C3F303230E4AD35C03F01F03D8408B6978
:1054B00003F00F03D35C03F01F0320FA03F3094A40
:1054C0001360094B18600F20FFF7B2F910B10124E7
:1054D000204610BD0446FFF791F9F9E70044025851
:1054E00058E900080800002404000024034B1B783E
:1054F000034A11680B441360704700BF0C0000247E
:10550000DC1F0024014B1868704700BFDC1F00241B
:1055100038B50446FFF7F6FF0546B4F1FF3F02D069
:10552000044B1B781C44FFF7EDFF401BA042FAD34D
:1055300038BD00BF0C0000240649CB6823F4E063AB
:105540001B041B0C000200F4E0600343024A1A43F0
:10555000CA60704700ED00E00000FA0500B5174B87
:10556000DB68C3F30223C3F1070CBCF1040F28BFAF
:105570004FF0040C03F1040EBEF1060F14D9033BE7
:105580004FF0FF3E0EFA0CFC21EA0C0199400EFA96
:1055900003F322EA03031943002807DB0901C9B218
:1055A000074B19545DF804FB0023E9E700F00F00F6
:1055B0000901C9B2034B1954F4E700BF00ED00E044
:1055C00000E400E014ED00E0002807DB00F01F021B
:1055D000400901239340024A42F82030704700BF3F
:1055E00000E100E0F0B4876D0468664E664DAC42A1
:1055F00018BFB44242D01835AC423FD01835AC4247
:105600003CD01835AC4239D01835AC4236D01835BC
:10561000AC4233D01835AC4230D005F55675AC42AB
:105620002CD01835AC4229D01835AC4226D01835CC
:10563000AC4223D01835AC4220D01835AC421DD036
:105640001835AC421AD01835AC4217D04F4DAC4289
:1056500014D01435AC4211D01435AC420ED01435F0
:10566000AC420BD01435AC4208D01435AC4205D056
:105670001435AC4202D01435AC4207D1446E856E6D
:105680006560C46E14B1046F456F656004683D4E7B
:105690003D4DAC4218BFB44252D01835AC424FD049
:1056A0001835AC424CD01835AC4249D01835AC4214
:1056B00046D01835AC4243D01835AC4240D005F541
:1056C0005675AC423CD01835AC4239D01835AC4296
:1056D00036D01835AC4233D01835AC4230D01835FE
:1056E000AC422DD01835AC422AD01835AC4227D068
:1056F000264E274DAC4218BFB44211D0254DAC42C6
:105700000ED01435AC420BD01435AC4208D0143551
:10571000AC4205D01435AC4202D01435AC4224D191
:10572000C46D04F01F050124AC407C600468636014
:105730008368402B20D0036899600368DA6014E026
:10574000C46D04F01F0C3F2404FA0CF4BC6005681F
:105750002C6824F480242C60046863608368402BE8
:1057600005D0036899600368DA60F0BC704703688D
:105770009A600368D960F8E703689A600368D960A3
:10578000F3E700BF1000024028000240085402580E
:105790001C5402583054025803682749274A934240
:1057A00018BF8B422FD0183293422CD0183293421C
:1057B00029D01832934226D01832934223D018327F
:1057C000934220D0183293421DD002F55672934274
:1057D00019D01832934216D01832934213D018328F
:1057E000934210D0183293420DD0183293420AD00F
:1057F0001832934207D01832934204D023F0FF03AB
:105800008365806D704710B4D9B210390C4AA2FB81
:105810000142C2F302120B4CA25CC2655F2907D998
:10582000094A1A4004328265806D5DF8044B704766
:10583000054A1A408265F7E710000240280002403E
:10584000ABAAAAAA68E9000800FCFFFF83699BB91C
:10585000836A012B0AD0022B02D00BB100207047C3
:10586000C36A13F0807F2AD100207047C36AB3F166
:10587000C07F26D000207047B3F5005F0AD0836A4E
:10588000022B26D9032B26D1C36A13F0807F24D1A3
:1058900000207047836A032B03D8DFE803F0140469
:1058A000140A00207047C36A13F0807F0DD10020D6
:1058B0007047C36AB3F1C07F09D000207047012050
:1058C0007047012070470120704701207047012078
:1058D000704701207047002070470120704700008A
:1058E00003682249224A934218BF8B4228D01432BF
:1058F000934225D01432934222D0143293421FD0C7
:10590000143293421CD01432934219D01432934271
:1059100016D0DAB2103A1749A1FB02121209164941
:105920001944A8291FD9154B13449B000366144B37
:10593000436602F01F02012303FA02F282667047F7
:10594000DBB2083B0F4AA2FB03230F4A02EB131200
:10595000920002660D4A4266C3F30413012202FA62
:1059600003F3836670470832DDE700BF085402582E
:105970001C540258ABAAAAAAF0FBFDBF008200107B
:1059800080080240CDCCCCCC00960016805802583E
:1059900001794A1E072A2CD830B40368154D164CDD
:1059A000A34218BFAB4218D01434A34215D014340C
:1059B000A34212D01434A3420FD01434A3420CD00B
:1059C0001434A34209D01434A34206D00B4B0B4429
:1059D0009B00C3660A4B036705E00A4B0B449B0020
:1059E000C366094B0367012303FA02F2426730BC26
:1059F00070477047085402581C5402583F820010E8
:105A0000400902403F9600164059025870B50446BE
:105A1000FFF778FD002C00F0B38105462368534959
:105A2000534A934218BF8B420CBF0122002250D030
:105A300030318B424DD018318B424AD018318B42D5
:105A400047D018318B4244D018318B4241D01831A5
:105A50008B423ED001F556718B423AD018318B42C1
:105A600037D018318B4234D018318B4231D01831B5
:105A70008B422ED018318B422BD018318B4228D03C
:105A800018318B4225D03B493B4A934218BF8B4289
:105A900000F02E81394A934200F02A811432934259
:105AA00000F026811432934200F022811432934296
:105AB00000F01E811432934200F01A811432934296
:105AC00000F0168140236365032384F835300120FC
:105AD0004AE0022184F83510002184F834107ABBA2
:105AE000274A93422CD01832934229D0183293423D
:105AF00026D01832934223D01832934220D0183245
:105B000093421DD002F55672934219D01832934237
:105B100016D01832934213D01832934210D0183254
:105B200093420DD0183293420AD01832934207D0D4
:105B30001832934204D01A6822F001021A6003E07E
:105B40001A6822F001021A6023681A6812F0010F25
:105B500018D0FFF7D7FC431B052BF5D9202363652D
:105B6000032384F83530012070BD00BF10000240CF
:105B700028000240085402581C540258305402585D
:105B8000400002401A687F481040A168E2680A435A
:105B900021690A4361690A43A1690A43E1690A4329
:105BA000216A0A430243616A042900F09680616811
:105BB000A1F12905A1F13F00032888BF052D0AD9CD
:105BC000A1F14700012806D9A1F14F00032802D90D
:105BD0007439032901D842F480121A602668756965
:105BE00025F00705636A1D43042B08D1A36A1D43F2
:105BF000E36A23B12046FFF729FE002872D17561C0
:105C00002046FFF7C9FDE36D03F01F023F239340D9
:105C1000836023685C495D4A934218BF8B4242D03F
:105C2000183293423FD0183293423CD018329342FC
:105C300039D01832934236D01832934233D01832CA
:105C4000934230D002F5567293422CD018329342D0
:105C500029D01832934226D01832934223D01832DA
:105C6000934220D0183293421DD0183293421AD05A
:105C70001832934217D0464A934214D014329342BA
:105C800011D0143293420ED0143293420BD01432FE
:105C9000934208D01432934205D01432934202D07A
:105CA0001432934213D12046FFF71AFEA368802BCB
:105CB00059D0236E22791A60636EA26E5A606368AF
:105CC000013B072B52D90023E3662367636700205B
:105CD0006065012384F8353046E7E16A206B0143B3
:105CE0000A4364E740236365012084F835003BE7FD
:105CF000022284F83520002284F834201A682549CD
:105D00001140A268402A2CD0802A27D00022E068C7
:105D100042EAD002206942EAD002606942EAD00237
:105D2000A06942EAD002E06942EAD002206A42EA6F
:105D300010120A431A602268174B1344174AA2FB39
:105D400003231B099B00E3652046FFF725FDE26D59
:105D500002F01F0101228A4042605AE74FF480425C
:105D6000D5E71022D3E700236360A2E72046FFF7C0
:105D70000FFEE36E00221A60236F626F5A60A6E77F
:105D80000120F1E63F8010FE100002402800024092
:105D9000085402580F00FEFFF8ABFDA7CDCCCCCCC9
:105DA000002800F03E8170B5044690F834000128C8
:105DB00000F03981012084F8340094F83500C0B235
:105DC000012807D04FF400636365002384F8343062
:105DD000012070BD022084F8350000206065206835
:105DE000924E934DA84218BFB0422FD01835A8420A
:105DF0002CD01835A84229D01835A84226D01835FD
:105E0000A84223D01835A84220D01835A8421DD06A
:105E100005F55675A84219D01835A84216D0183580
:105E2000A84213D01835A84210D01835A8420DD07A
:105E30001835A8420AD01835A84207D01835A8420C
:105E400004D0056825F00105056003E0056825F02C
:105E5000010505602046FFF7C5FB23687349744AB6
:105E6000934218BF8B4238D01832934235D0183243
:105E7000934232D0183293422FD0183293422CD012
:105E80001832934229D01832934226D002F5567226
:105E9000934222D0183293421FD0183293421CD022
:105EA0001832934219D01832934216D018329342C6
:105EB00013D01832934210D0183293420DD01A6882
:105EC00022F00E0242F00A021A60236C93B122689B
:105ED000136843F0040313600CE01A6822F01E02FA
:105EE00042F016021A60236C23B12268136843F053
:105EF0000803136023684D494D4A934218BF8B42F3
:105F000042D0183293423FD0183293423CD01832DC
:105F1000934239D01832934236D01832934233D05C
:105F20001832934230D002F5567293422CD0183278
:105F3000934229D01832934226D01832934223D06C
:105F40001832934220D0183293421DD01832934217
:105F50001AD01832934217D0364A934214D01432D2
:105F6000934211D0143293420ED0143293420BD08C
:105F70001432934208D01432934205D01432934223
:105F800002D0143293420ED1236E1A6812F4803F6D
:105F900003D01A6842F480721A60E36E1BB11A686B
:105FA00042F480721A6023682049214A934218BF44
:105FB0008B4230D0183293422DD0183293422AD0DF
:105FC0001832934227D01832934224D01832934289
:105FD00021D0183293421ED002F5567293421AD045
:105FE0001832934217D01832934214D01832934289
:105FF00011D0183293420ED0183293420BD018327F
:10600000934208D01832934205D01A6842F0010238
:106010001A600020DDE61A6842F001021A600020D2
:10602000D7E6012070470220D3E600BF10000240EF
:10603000280002400854025870B50446FFF762FA7F
:10604000002C00F09181054694F83530DBB2022B2C
:1060500006D080236365002384F83430012070BDAE
:1060600023688C498C4A934218BF8B4230D0183237
:1060700093422DD0183293422AD01832934227D01F
:106080001832934224D01832934221D018329342CE
:106090001ED002F5567293421AD01832934217D08E
:1060A0001832934214D01832934211D018329342CE
:1060B0000ED0183293420BD01832934208D01832C7
:1060C000934205D01A6822F00E021A60266809E091
:1060D0001A6822F01E021A602268536923F08003B6
:1060E0005361266823686B496B4A934218BF8B4201
:1060F00042D0183293423FD0183293423CD01832EB
:10610000934239D01832934236D01832934233D06A
:106110001832934230D002F5567293422CD0183286
:10612000934229D01832934226D01832934223D07A
:106130001832934220D0183293421DD01832934225
:106140001AD01832934217D0544A934214D01432C2
:10615000934211D0143293420ED0143293420BD09A
:106160001432934208D01432934205D01432934231
:1061700002D01432934204D1226E136823F4807348
:10618000136023684349444A934218BF8B422FD07F
:10619000183293422CD01832934229D018329342AD
:1061A00026D01832934223D01832934220D018328E
:1061B00093421DD002F55672934219D01832934281
:1061C00016D01832934213D01832934210D018329E
:1061D00093420DD0183293420AD01832934207D01E
:1061E0001832934204D01A6822F001021A6003E0C8
:1061F0001A6822F001021A60336813F0010F0ED002
:10620000FFF780F9431B052BF6D920236365032391
:1062100084F83530002384F8343001201FE72368E8
:106220001C491D4A934218BF8B4239D01832934201
:1062300036D01832934233D01832934230D01832CD
:1062400093422DD0183293422AD01832934227D04D
:1062500002F55672934223D01832934220D018325E
:1062600093421DD0183293421AD01832934217D05D
:106270001832934214D01832934211D018329342FC
:106280000ED0A16DE36D03F01F02012393404B601C
:106290000DE000BF100002402800024008540258E0
:1062A000A16DE36D03F01F023F2393408B602368D1
:1062B0002E492F4A934218BF8B4242D01832934244
:1062C0003FD0183293423CD01832934239D0183222
:1062D000934236D01832934233D01832934230D0A2
:1062E00002F5567293422CD01832934229D01832BC
:1062F000934226D01832934223D01832934220D0B2
:10630000183293421DD0183293421AD01832934259
:1063100017D0184A934214D01432934211D0143239
:1063200093420ED0143293420BD01432934208D0D1
:106330001432934205D01432934202D01432934265
:106340000BD1636EA26E5A60E36E33B11A6822F409
:1063500080721A60236F626F5A60012384F83530AF
:10636000002084F834007AE6012078E6100002402C
:106370002800024008540258002800F0298108B57E
:10638000024690F83530DBB2022B03D08023436500
:10639000012008BD0368904890498B4218BF834292
:1063A0000CBF0121002166D03030834263D0183009
:1063B000834260D0183083425DD0183083425AD077
:1063C0001830834257D01830834254D000F55670AD
:1063D000834250D0183083424DD0183083424AD087
:1063E0001830834247D01830834244D0183083425B
:1063F00041D0183083423ED0183083423BD01968D8
:1064000021F00E0119601368A0F5956073498B4265
:1064100018BF83426AD072498B4267D018318B42D1
:1064200064D018318B4261D018318B425ED0183164
:106430008B425BD018318B4258D001F556718B429C
:1064400054D018318B4251D018318B424ED0183174
:106450008B424BD018318B4248D018318B4245D0FB
:1064600018318B4242D018318B423FD0196821F04D
:10647000010119603EE0042082F8350081BB584AD2
:1064800093422DD0183293422AD01832934227D00B
:106490001832934224D01832934221D018329342BA
:1064A0001ED002F5567293421AD01832934217D07A
:1064B0001832934214D01832934211D018329342BA
:1064C0000ED0183293420BD01832934208D01832B3
:1064D000934205D01A6822F001021A60002058E7A2
:1064E0001A6822F001021A60002052E7196821F0B0
:1064F000010119601368384838498B4218BF83423C
:1065000042D018318B423FD018318B423CD01831E9
:106510008B4239D018318B4236D018318B4233D070
:1065200018318B4230D001F556718B422CD0183186
:106530008B4229D018318B4226D018318B4223D080
:1065400018318B4220D018318B421DD018318B422C
:106550001AD018318B4217D022498B4214D01431F3
:106560008B4211D014318B420ED014318B420BD0A0
:1065700014318B4208D014318B4205D014318B4238
:1065800002D014318B4217D1116E0B6823F4807343
:106590000B60906DD36D03F01F0101238B404360AE
:1065A000536E916E5960D36E33B1196821F48071C6
:1065B0001960136F516F5960012382F83530002341
:1065C00082F83430136D2BB1104698470020E0E676
:1065D000012070470020DCE6100002402800024045
:1065E0004000024008540258F0B583B0044600232E
:1065F00001937D4B1D687D4BA3FB0535AD0A876D6F
:106600003E68D7F800C0036879497A48834218BFCA
:106610008B420CBF0120002061D0774A93425ED0AC
:10662000183293425BD01832934258D018329342BA
:1066300055D01832934252D0183293424FD002F5BF
:10664000567293424BD01832934248D0183293423C
:1066500045D01832934242D0183293423FD018327C
:1066600093423CD01832934239D01832934236D0FC
:106670006249634A934218BF8B4212D0614A9342E7
:106680000FD0143293420CD01432934209D01432FA
:10669000934206D01432934203D01432934240F016
:1066A00061821A68E16D01F01F010420884010EA40
:1066B0000C0F00F0A78212F0040F00F0A3827860A4
:1066C00012F4004F00F05A8212F4803F40F05082E2
:1066D000A36C002B00F046822046984742E2E26D10
:1066E00002F01F0108228A40324241D070BB424A68
:1066F00093422BD01832934228D01832934225D09F
:106700001832934222D0183293421FD0183293424B
:106710001CD002F55672934218D01832934215D00D
:106720001832934212D0183293420FD0183293424B
:106730000CD01832934209D01832934206D0183246
:10674000934203D01A68C2F3C00202E01A68C2F38F
:1067500080026AB11A6822F004021A60E36D03F045
:106760001F0208239340BB60636D43F00103636520
:10677000E26D02F01F0226FA02F313F0010F47D078
:1067800023681B481B498B4218BF83423CD01831F9
:106790008B4239D018318B4236D018318B4233D0EE
:1067A00018318B4230D018318B422DD018318B42AA
:1067B0002AD001F556718B4226D018318B4223D056
:1067C00018318B4220D018318B421DD018318B42AA
:1067D0001AD018318B4217D018318B4214D018318F
:1067E0008B4211D01B6813E004000024B5814E1BBE
:1067F00010000240280002404000024008540258A5
:106800001C540258305402585B6913F0800F3BD17E
:10681000E36D03F01F03042202FA03F3334240D076
:106820002268964896498A4218BF824235D018316C
:106830008A4232D018318A422FD018318A422CD065
:1068400018318A4229D018318A4226D018318A421A
:1068500023D001F556718A421FD018318A421CD0CC
:1068600018318A4219D018318A4216D018318A421A
:1068700013D018318A4210D018318A420DD0183105
:106880008A420AD013680CE0012303FA02F2BA60CC
:10689000636D43F002036365BAE7126812F0020FFA
:1068A0003DD1E36D03F01F03102202FA03F33342DC
:1068B0005FD02268714872498A4218BF824234D040
:1068C00018318A4231D018318A422ED018318A428A
:1068D0002BD018318A4228D018318A4225D018315D
:1068E0008A4222D001F556718A421ED018318A425E
:1068F0001BD018318A4218D018318A4215D018316D
:106900008A4212D018318A420FD018318A420CD0F4
:1069100018318A4209D01268C2F3800208E0BB60D5
:10692000636D43F004036365BBE71268C2F3C00202
:10693000FAB1BB6023681A6812F4802F0DD01B686F
:1069400013F4002F04D1236C9BB12046984710E02C
:10695000A36C73B1204698470BE01A6812F4807F4D
:1069600003D11A6822F008021A60236C0BB120468A
:106970009847E36D03F01F03202202FA03F333422A
:1069800000F0928022683D483D498A4218BF824209
:106990002ED018318A422BD018318A4228D0183193
:1069A0008A4225D018318A4222D018318A421FD01B
:1069B00018318A421CD001F556718A4218D018311C
:1069C0008A4215D018318A4212D018318A420FD02B
:1069D00018318A420CD018318A4209D018318A42C3
:1069E00006D018318A4203D01268C2F3400202E096
:1069F0001268C2F30012002A56D0BB6094F83530FA
:106A0000DBB2042B0ED023681A6812F4802F39D021
:106A10001B6813F4002F2CD1636C002B44D020464C
:106A2000984741E02268136823F016031360226838
:106A3000536923F080035361236CB3B12268136858
:106A400023F008031360E36D03F01F023F2393401C
:106A5000BB60012384F83530002384F83430236D83
:106A6000002B7FD0204698477CE0A36C002BE5D11B
:106A7000E9E7E36BC3B12046984715E010000240F8
:106A8000280002401A6812F4807F09D11A6822F0A7
:106A900010021A60012384F83530002384F8343062
:106AA000E36B0BB120469847636D002B5AD0636DA2
:106AB00013F0010F52D0042384F83530236896492F
:106AC000964A934218BF8B422FD0183293422CD053
:106AD0001832934229D01832934226D0183293426A
:106AE00023D01832934220D0183293421DD002F5A1
:106AF0005672934219D01832934216D018329342EC
:106B000013D01832934210D0183293420DD018325D
:106B100093420AD01832934207D01832934204D0DD
:106B20001A6822F001021A6003E01A6822F00102DA
:106B30001A60019B01330193AB4204D823681B68A0
:106B400013F0010FF5D123681B6813F0010F0BD070
:106B5000032384F83530002384F83430E36C0BB120
:106B60002046984703B0F0BD012384F83530F2E7A2
:106B7000236C002BF6D020469847F3E712F0200F45
:106B80003AD123686449654A934218BF8B422FD09B
:106B9000183293422CD01832934229D018329342A3
:106BA00026D01832934223D01832934220D0183284
:106BB00093421DD002F55672934219D01832934277
:106BC00016D01832934213D01832934210D0183294
:106BD00093420DD0183293420AD01832934207D014
:106BE0001832934204D01A6822F004021A6003E0BB
:106BF0001A6822F008021A60236C002BB2D02046DB
:106C00009847AFE70220884010EA0C0F60D012F0DE
:106C1000020F5DD0786012F4004F0ED012F4803F66
:106C200005D1636C002B9DD0204698479AE7E36B13
:106C3000002B97D02046984794E712F0200F40D1C0
:106C400023683549354A934218BF8B422FD01832FA
:106C500093422CD01832934229D01832934226D036
:106C60001832934223D01832934220D018329342E4
:106C70001DD002F55672934219D01832934216D0A5
:106C80001832934213D01832934210D018329342E4
:106C90000DD0183293420AD01832934207D01832DE
:106CA000934204D01A6822F00A021A6003E01A68BC
:106CB00022F014021A60012384F83530002384F88E
:106CC0003430E36B002B3FF44DAF2046984749E743
:106CD000082000FA01F111EA0C0F3FF443AF12F063
:106CE000080F3FF43FAF1A6822F00E021A60E36DFE
:106CF00003F01F03012202FA03F37B60626584F84C
:106D00003520002384F83430E36C002B3FF42AAFA5
:106D10002046984726E700BF1000024028000240A6
:106D2000406D704730B4446B0368D3F884106F4AE9
:106D3000114041EA8401C3F884100368D3F8841039
:106D400021F47F01856B41EA0541C3F88410836B10
:106D500023440468D4F88810114041EA8301C4F840
:106D600088100468D4F8881021F4FE01C56B41EA4C
:106D70000541C4F88810C16B03EB41030468D4F8E3
:106D8000A010114041EA8301C4F8A0100468D4F8AF
:106D9000A01021F4FE01056C41EA0541C4F8A010E1
:106DA000016C446C04FB01330468D4F8B01011404A
:106DB00041EA8301C4F8B0100468D4F8B01021F49B
:106DC000FE01856C41EA0541C4F8B010816CC46CC9
:106DD00004FB01330468D4F8AC10114041EA83018C
:106DE000C4F8AC10016D446D04FB01330468D4F8A1
:106DF000F010114041EA8301C4F8F0100468D4F89F
:106E0000F01021F47C11856D41EA0541C4F8F010C1
:106E1000816D03EB41030468D4F8C0100A4042EAD4
:106E20008303C4F8C0300268D2F8C03023F47C1366
:106E3000C16D43EA0143C2F8C0300268D2F8C030E5
:106E400023F07C53016E43EA0163C2F8C030436B08
:106E5000274A1A449200C266836B02EB83030367DE
:106E6000C16B03EBC1034367016C446C04FB01F18C
:106E700003EB81038367816CC46C04FB01F103EBBA
:106E80008103C367016D446D04FB01F103EB8103D2
:106E9000C0F88030816D03EBC103C0F88430816E8F
:106EA000C46D01FB04FC03EB8C03C0F88830046E56
:106EB00004FB01F103EB8103C0F890300D498B42D4
:106EC0000DD9D0F89C3043F02003C0F89C30032348
:106ED00080F89830012007E0002342F8043BD0F806
:106EE00090309342F8D8002030BC70470300FFFF79
:106EF000002B0010FCD3004070B54C68FCB90D6944
:106F00008C6825430C6845EA84450E6ACC6944EADE
:106F100006648E6934434E693443CE6844EA0644BD
:106F2000D0F88460806E00FB03F306EB830E46F816
:106F30002350CEF804400EF1080E002019E00C6931
:106F40008D6825430C68254345F08045DDE702EB5D
:106F5000000C9CF803409CF802301B0443EA0463D5
:106F60009CF8014043EA0423145C23434EF8043B9D
:106F70000430CB68024CE35C8342E8D870BD00BFAC
:106F800070E9000830B595B004464C22A04901A82C
:106F9000FBF774F8002C00F0388123689D4A934277
:106FA00020D094F898300BB32268936923F0100333
:106FB0009361FEF7A7FA054623689A6912F0080F55
:106FC0001AD0FEF79FFA431B0A2BF5D9D4F89C3050
:106FD00043F00103C4F89C30032384F89830012067
:106FE00015B030BD03F580736360DAE784F899303B
:106FF0002046FDF7C1F9D7E79A6942F001029A618C
:10700000FEF780FA054623689A6912F0010F0FD146
:10701000FEF778FA401B0A28F5D9D4F89C3043F0E3
:107020000103C4F89C30032384F898300120D7E78B
:107030009A6942F002029A61237C012B40D02268B7
:10704000936943F040039361637C012B3ED0226837
:10705000936923F480439361A37C012B3CD0226885
:10706000936943F4805393612268936923F44073D6
:10707000A1680B4393612268936923F0A403936191
:107080002268136923F010031361E368012B29D0F0
:10709000002B2CD0022B00F09B802268936943F0D8
:1070A000800393612268136943F010031361E3685E
:1070B000032B1CD12268936943F02003936116E0EF
:1070C0002268936923F040039361BDE722689369C6
:1070D00043F480439361BFE72268936923F48053AC
:1070E0009361C1E72268936943F004039361A36944
:1070F0005A1EE369013B1B0243EA4263226A013ADA
:1071000013436269013A216843EA0243CB61A368F1
:10711000B3F5407F62D0236E33B12268D2F8C0301D
:10712000616E0B43C2F8C030E36D226ED3420DD0C6
:107130002168D1F8C83023F00703A26E14A800EB31
:10714000820252F84C2C1343C1F8C830236C6BB147
:107150002168D1F8BC3023F00703626C14A800EB5F
:10716000820252F84C2C1343C1F8BC30A36C73B1AB
:107170002168D1F8BC3023F07003E26C14A800EB56
:10718000820252F84C2C43EA0213C1F8BC30236D42
:1071900073B12168D1F8BC3023F4E063626D14A8A8
:1071A00000EB820252F84C2C43EA0223C1F8BC30B7
:1071B0002268184B9A4222D00023C4F89430C4F8B5
:1071C0009C30012384F898302046FFF7ABFD07E799
:1071D0002268936943F02003936188E7A36A013B27
:1071E000E26A013A43EA0223226B013A43EA0213BC
:1071F000626A013A216843EA0243CB608BE7626826
:10720000936823F003039360D6E70120E8E600BF0C
:10721000ACE8000800A0004090F89830013BDBB2D9
:10722000012B07D9D0F89C3043F00203C0F89C3002
:1072300001207047CB680A68D2B9072B0ED08A6844
:10724000DB0643EA82730A6943EA02434A6913434D
:10725000C26E496842F82130002070470A69CB6944
:107260001B0243EA02438A69134343F06053EFE78A
:1072700010B40A6942EA4372072B0FD04B698C683D
:1072800043EA8473006F496800EBC10C40F8312079
:10729000CCF8043000205DF8044B70478B69F1E7AF
:1072A00090F898C05FFA8CFCBCF1010F07D0D0F8C1
:1072B0009C3043F00403C0F89C30012070479200DA
:1072C00042EA011242EA4302036800990A43C3F802
:1072D00080200020704790F89830DBB2012B07D057
:1072E000D0F89C3043F00403C0F89C300120704774
:1072F00051B90168D1F8F03023F07C5343EA0262BF
:10730000C1F8F02000207047012909D00168D1F8A8
:10731000B03023F0FE4343EA0262C1F8B020F1E747
:107320000168D1F8A03023F0FE4343EA0262C1F8BD
:10733000A020E7E790F89830DBB2012B07D0D0F817
:107340009C3043F00403C0F89C30012070470223B6
:1073500080F898300268936923F001039361002359
:10736000C0F89C301846704738B5044690F89830FD
:10737000DBB2022B2BD10368D3F8C00010F07C5F86
:107380000CD0D3F8C40010F4001F0FD0D4F89C30F8
:1073900043F40073C4F89C3001201FE0D4F89C3003
:1073A00043F02003C4F89C30012017E0D3F8C45008
:1073B000C5F304452B462046FFF79EFD22680123B6
:1073C000AB40C2F8D030C4F89430002006E0D0F8CA
:1073D0009C3043F00803C0F89C30012038BD000009
:1073E00090F898C05FFA8CFCBCF1020F40F0E2808C
:1073F00070B540290CD041293DD0046D8C426DD828
:10740000D0F89C3043F02003C0F89C300120C3E04A
:107410000468D4F8A05015F4FE0F0CD0D4F8A45092
:1074200015F07F0F0FD1D0F89C3043F48073C0F873
:107430009C300120B0E0D0F89C3043F02003C0F82D
:107440009C300120A8E0D4F8A450C5F3006615F0E4
:10745000807F04D0D4F8A060F60F00D10026D4F8C5
:10746000A440C4F305242644456F446C06FB04F491
:1074700005EB840C39E00468D4F8B05015F4FE0F25
:107480000CD0D4F8B45015F07F0F0FD1D0F89C3049
:1074900043F48073C0F89C3001207DE0D0F89C302C
:1074A00043F02003C0F89C30012075E0D4F8B450BC
:1074B000C5F3006615F0807F04D0D4F8B060F60FF5
:1074C00000D10026D4F8B440C4F305242644856FC7
:1074D000C46C06FB04F405EB840C06E0C56F446D38
:1074E00001FB04F405EB840C0026DCF8004004F0FA
:1074F0008044546074BBDCF80040C4F38A441460D8
:10750000DCF8004004F000549460DCF8004004F023
:1075100000441461BCF80440D461BCF8064004F097
:107520000F04D460DCF8044004F480145461DCF8E7
:10753000044004F4001494619CF8074004F07F04B4
:107540001462DCF80440E40F54620CF1080E4FF0B2
:10755000000C0BE0DCF8004024F060441460CFE73E
:107560001EF80C4003F80C400CF1010CD468154DCA
:107570002C5D6445F4D840290AD041290DD01F293B
:107580000FD80268012303FA01F1C2F8981002E053
:107590000368C3F8A860002070BD0368C3F8B86032
:1075A000F9E701F01F010268012303FA01F1C2F8B3
:1075B0009C10F0E7D0F89C3043F00803C0F89C30F2
:1075C0000120704770E9000890F89830013BDBB269
:1075D000012B07D9D0F89C3043F00203C0F89C304F
:1075E0000120704710B403689C6D0C4224D1DC6DFF
:1075F00044F00104DC6511F4007F05D00468D4F880
:10760000E0301343C4F8E03011F4806F05D0046813
:10761000D4F8E4301A43C4F8E4200068436D0C4AFF
:107620000A40134343650B4A536943EA9171516120
:1076300000205DF8044B70479C6D31EA040402D0D1
:107640000324DC65D7E7DC6D44F00204DC65D2E797
:10765000FFFFCF3F00A8004070477047704770475A
:107660007047704770477047704770477047704762
:1076700070477047704700002DE9F04F83B0044613
:10768000B04B1A695B699B0703EA82730193036835
:107690001A6D02F4704A5A6D0AEA020A1A6D02F073
:1076A0000F095A6D09EA02091A6D02F0F0085A6DC5
:1076B00008EA02081E6D06F071565A6D16401F6DDD
:1076C00007F060775A6D17405D6DD3F850B015F430
:1076D000807F02D01BF4807F64D115F4806F02D0CC
:1076E0001BF4806F67D1019B002B74D1BAF1000F9E
:1076F0007CD1B9F1000F40F08580B8F1000F40F067
:107700008D8015F4006F03D01BF4006F40F0928061
:1077100015F4007F03D01BF4007F40F0968015F431
:10772000002F03D01BF4002F40F09F8015F4803F02
:1077300003D01BF4803F40F0A38015F4802F03D0CA
:107740001BF4802F40F0A78015F4003F0FD01BF4EE
:10775000003F0CD023684FF400321A65794B0022A9
:107760001A61D4F89C3043F08003C4F89C30002F99
:1077700040F09C804EB123681E65B20F714B1A61B8
:10778000D4F89C301E43C4F89C6022686E4B9A4229
:1077900000F09680D4F89C30002B40F0F78003B0C6
:1077A000BDE8F08F4FF480721A65664B00221A61B3
:1077B000FFF75AFF91E72368D3F8DC10D3F8E420F1
:1077C0004FF4806018655F4B00201861114020461F
:1077D000FFF746FF87E7236800221A6501998A0FA1
:1077E000584B1A612046FFF737FF7FE72368C3F83D
:1077F00050A04FEA9A72534B1A6151462046FFF748
:107800002CFF76E72368C3F850904FEA99724D4BEE
:107810001A6149462046FCF731FB6EE72368C3F83E
:1078200050804FEA9872474B1A6141462046FCF758
:1078300049FB66E723684FF400621A65414B00225A
:107840001A612046FFF70AFF62E72368D3F8D810D1
:10785000D3F8E0204FF4007018653A4B002018610F
:1078600011402046FFF7FBFE59E723684FF4002242
:107870001A65344B00221A612046FFF7F2FE55E7E5
:1078800023684FF480321A652E4B00221A6120467D
:10789000FFF7E8FE51E723684FF480221A65294B71
:1078A00000221A612046FFF7DEFE4DE723681F65C0
:1078B000BA0F244B1A6139462046FFF7D7FE59E725
:1078C00063689A6812F0030F3FF464AF196A01F01D
:1078D0000F015A6A186A00F03008586A08EA00086E
:1078E0001F6A07F4C077586A07401E6A06F4FC4610
:1078F000586A06401D6A05F4F025586A0540D3F819
:107900002490D3F820A0114020D1B8F1000F22D14B
:1079100019F0400F02D01AF0400F24D17FBB36B1CE
:1079200063681E62D4F89C301E43C4F89C60002D2E
:107930003FF430AF63681D62D4F89C301D43C4F837
:107940009C5027E700A8004000A000401962204694
:10795000FFF78DFED9E76368C3F8208041462046D3
:10796000FFF786FED4E76368D96BDA6B40201862B4
:1079700002F03F02090C2046FFF77BFECEE763686A
:107980001F6239462046FFF775FEC8E72046FFF71D
:107990006CFE04E7F0B583B000236BE085685E0001
:1079A0000324B44025EA0405CC68B4402C43846029
:1079B000446824EA0C0C4C68C4F300149C4044EA6C
:1079C0000C04446068E0DD08083550F8256003F0D9
:1079D00007044FEA840C0F2404FA0CF426EA040E80
:1079E0000C6904FA0CF444EA0E0440F825406BE0FC
:1079F000092400E0002404FA0EF42C430CF1020CDC
:107A0000664D45F82C404FF0B0442568D44325EA34
:107A100002064F6817F4801F01D042EA05064FF0B6
:107A2000B0452E606D6804EA05064F6817F4001F24
:107A300001D042EA05064FF0B0456E60D5F884509B
:107A400004EA05064F6817F4003F01D042EA050634
:107A50004FF0B045C5F88460D5F880502C404E6892
:107A600016F4803F01D042EA05044FF0B042C2F85C
:107A7000804001330A6832FA03F400F08C804FF042
:107A8000010C0CFA03FC1CEA0202F2D04C6804F070
:107A90000304013C012C81D94C6804F00304032C3D
:107AA0000CD0C4685D004FF0030C0CFA05FC24EA0E
:107AB0000C0C8C68AC4044EA0C04C4604C6804F0C4
:107AC0000304022C3FF47FAF04684FEA430E4FF0EB
:107AD000030C0CFA0EFC24EA0C0C4C6804F00304B2
:107AE00004FA0EF444EA0C0404604C6814F4403FB9
:107AF000BFD02B4CD4F8F45045F00205C4F8F45034
:107B0000D4F8F44004F002040194019C4FEA930C71
:107B10000CF10205214C54F8255003F003044FEA00
:107B2000840E0F2404FA0EF425EA04051D4CA0422D
:107B30003FF460AF04F58064A0421ED004F5806479
:107B4000A0421CD004F58064A0421AD004F58064E1
:107B5000A04218D004F58064A04216D004F58064D9
:107B6000A04214D004F58064A04212D004F5006451
:107B7000A0423FF43DAF0A243DE701243BE7022445
:107B800039E7032437E7042435E7052433E70624DF
:107B900031E707242FE703B0F0BD00BF0004005811
:107BA00000440258000002580369194201D0012024
:107BB0007047002070470AB18161704709048161F4
:107BC00070470000134BDB6813F0040F07D1114B13
:107BD000DB6803F0070383421AD00120704710B519
:107BE0000C4AD36823F007031843D060FDF78AFCE2
:107BF0000446084B5B6813F4005F07D1FDF782FC75
:107C0000001BB0F57A7FF4D9012000E0002010BD00
:107C10000020704700480258002800F0D78238B58D
:107C20000446036813F0010F25D0A04A136903F03E
:107C30003803926A102B15D0182B0FD06368B3F558
:107C4000803F3FD0002B53D1984B1A6822F48032EA
:107C50001A601A6822F480221A6038E002F00302E7
:107C6000022AEBD1914B1B6813F4003F03D06368E9
:107C7000002B00F0AD82236813F0020F00F0888023
:107C80008A4A1369926A13F038035AD0182B55D0D8
:107C9000E368002B00F0A98084490A6822F01902E9
:107CA00013430B60FDF72EFC0546804B1B6813F059
:107CB000040F40F09180FDF725FC401B0228F4D909
:107CC00003208CE2794A136843F4803313606368BD
:107CD0002BB3FDF717FC0546744B1B6813F4003FEC
:107CE000C9D1FDF70FFC401B6428F5D9032076E2CB
:107CF000B3F5A02F09D06D4B1A6822F480321A60B8
:107D00001A6822F480221A60E1E7684B1A6842F48C
:107D100080221A601A6842F480321A60D7E7FDF7B1
:107D2000F1FB0546614B1B6813F4003FA3D0FDF740
:107D3000E9FB401B6428F5D9032050E212F0030F41
:107D4000A6D15A4B1B6813F0040F03D0E368002B35
:107D500000F04082554A136823F01903E1680B4391
:107D60001360FDF7CFFB0546504B1B6813F0040F63
:107D700006D1FDF7C7FB401B0228F5D903202EE2F0
:107D80004A4A536823F0FE43216943EA0163536082
:107D9000236813F0100F51D0444A136903F03803DD
:107DA000926A082B39D0182B33D0E369002B69D0A5
:107DB0003E4A136843F080031360FDF7A3FB0546BA
:107DC0003A4B1B6813F4807F53D1FDF79BFB401B9C
:107DD0000228F5D9032002E2344A536823F0FE4317
:107DE000216943EA01635360D2E7304A136823F004
:107DF00001031360FDF786FB05462C4B1B6813F04F
:107E0000040FC5D0FDF77EFB401B0228F5D90320E7
:107E1000E5E102F00302012AC7D1244B1B6813F4E9
:107E2000807F03D0E369802B40F0D6811F4AD3685E
:107E300023F07C53216A43EA0163D360236813F083
:107E4000080F49D06369002B32D0184A536F43F0B2
:107E500001035367FDF756FB0546144B5B6F13F0A8
:107E6000020F39D1FDF74EFB401B0228F5D9032044
:107E7000B5E10E4AD36823F07C53216A43EA0163DB
:107E8000D360DBE7094A136823F080031360FDF732
:107E900039FB0546054B1B6813F4807FCED0FDF7F8
:107EA00031FB401B0228F5D9032098E10044025819
:107EB0009D4A536F23F001035367FDF723FB0546EB
:107EC000994B5B6F13F0020F06D0FDF71BFB401BB5
:107ED0000228F5D9032082E1236813F0200F29D06E
:107EE000A3699BB1904A136843F480531360FDF774
:107EF00009FB05468C4B1B6813F4005F1AD1FDF794
:107F000001FB401B0228F5D9032068E1864A13686B
:107F100023F480531360FDF7F5FA0546824B1B6886
:107F200013F4005F06D0FDF7EDFA401B0228F5D9E7
:107F3000032054E1236813F0040F21D1636A002B5E
:107F400000F04C81784A126902F03802182A00F0D9
:107F5000F380022B75D0744A136823F0807313608A
:107F6000FDF7D0FA0446704B1B6813F0007F00F059
:107F7000D880FDF7C7FA001B0228F4D903202EE1B0
:107F80006A4A136843F480731360FDF7BBFA054631
:107F9000664B1B6813F4807F06D1FDF7B3FA401BD4
:107FA0006428F5D903201AE1A368012B0AD00BBB82
:107FB0005D4B1A6F22F001021A671A6F22F0040259
:107FC0001A6704E0584A136F43F001031367A3686C
:107FD00033B3FDF797FA0546534B1B6F13F0020FAF
:107FE000ACD1FDF78FFA401B41F288339842F3D9A8
:107FF0000320F4E0052B09D04B4B1A6F22F001024D
:108000001A671A6F22F004021A67E0E7464B1A6FEC
:1080100042F004021A671A6F42F001021A67D6E7AB
:10802000FDF770FA0546404B1B6F13F0020F85D029
:10803000FDF768FA401B41F288339842F3D90320D8
:10804000CDE0394A136823F080731360FDF75AFAC4
:108050000546354B1B6813F0007F06D0FDF752FA3A
:10806000401B0228F5D90320B9E02F4B996A304A0A
:108070000A40A16AE06A41EA00110A439A62226B4F
:10808000013AC2F30802616B0139490289B20A431D
:10809000A16B0139090401F4FE010A43E16B0139C6
:1080A000090601F0FE410A431A63DA6A22F001026E
:1080B000DA62596B1F4A0A40A16C42EAC1025A6354
:1080C000DA6A22F00C02216C0A43DA62DA6A22F0E0
:1080D0000202616C0A43DA62DA6A42F48032DA62DE
:1080E000DA6A42F40032DA62DA6A42F48022DA6250
:1080F000DA6A42F00102DA621A6842F080721A60AB
:10810000FDF700FA0446084B1B6813F0007F06D108
:10811000FDF7F8F9001B0228F5D903205FE00020E5
:108120005DE000205BE000BF0044025800480258B8
:108130000CFCFFFF0700FFFF30498A6A086B012B28
:108140004ED002F00303A16A8B424BD1C2F3051259
:10815000E36A9A4248D1C0F30802236B013B9A427A
:1081600044D1C0F34622636B013B9A4240D1C0F335
:108170000642A36B013B9A423CD1C0F30660E36B1D
:10818000013B984238D11D4B5B6BC3F3CC03A26C0F
:108190009A4201D1002022E0184AD36A23F0010359
:1081A000D362FDF7AFF90546FDF7ACF9A842FBD065
:1081B000124A516B124B0B40A16C43EAC10353634B
:1081C000D36A43F00103D362002008E00120704726
:1081D000012004E0012002E0012000E0002038BD81
:1081E0000120FCE70120FAE70120F8E70120F6E78B
:1081F0000120F4E70120F2E70120F0E700440258F3
:108200000700FFFF744B1B6903F03803102B00F0CD
:10821000DE80182B10D00BB1704870476E4B1B6876
:1082200013F0200F00F0D5806B4B1868C0F3C1002D
:108230006B4B23FA00F0704710B4674A916A01F063
:108240000301946AC4F30510D36A03F0010C536B65
:10825000C3F3CC030CFB03F307EE903AF8EE677A16
:1082600014F47C7F00F09380012965D0022900F08E
:108270009180E1B107EE100AF8EE476A9FED596A66
:1082800086EE267A544B1B6BC3F3080306EE903A36
:10829000F8EE666A9FED546A67EE867A76EEA77A04
:1082A000F7EE006A77EEA67A27EE277A60E0136889
:1082B00013F0200F23D011461268C2F3C102484BBD
:1082C000D34007EE103AF8EE476A07EE100AB8EE10
:1082D000476A86EE867A0B6BC3F3080306EE903A84
:1082E000F8EE666A9FED406A67EE867A76EEA77AC8
:1082F000F7EE006A77EEA67A27EE277A38E007EEE7
:10830000100AF8EE476A9FED396A86EE267A324BFC
:108310001B6BC3F3080306EE903AF8EE666A9FED16
:10832000326A67EE867A76EEA77AF7EE006A77EE23
:10833000A67A27EE277A1BE007EE100AF8EE476AC6
:108340009FED286A86EE267A234B1B6BC3F3080346
:1083500006EE903AF8EE666A9FED236A67EE867A3B
:1083600076EEA77AF7EE006A77EEA67A27EE277AFE
:10837000194B1B6BC3F34623013307EE903AF8EE1B
:10838000677AC7EE276AFCEEE67A17EE900A5DF888
:10839000044B704707EE100AF8EE476A9FED146A27
:1083A00086EE267A0C4B1B6BC3F3080306EE903A5D
:1083B000F8EE666A9FED0C6A67EE867A76EEA77A2B
:1083C000F7EE006A77EEA67A27EE277AD0E709481B
:1083D00070470348704700BF0044025800093D0041
:1083E0000090D0030024744A000000390024744C2B
:1083F000001BB74B00366E01002800F0328170B5CB
:108400000D4604469B4B1B6803F00F038B420BD2B7
:10841000984A136823F00F030B431360136803F0AB
:108420000F038B4240F01F81236813F0040F0CD020
:108430002269914B9B6903F070039A4205D98E49DA
:108440008B6923F070031A438A61236813F0080FC5
:108450000CD06269884BDB6903F070039A4205D93E
:108460008549CB6923F070031A43CA61236813F06E
:10847000100F0CD0A269804BDB6903F4E0639A42D1
:1084800005D97D49CB6923F4E0631A43CA612368A7
:1084900013F0200F0CD0E269774B1B6A03F07003D6
:1084A0009A4205D974490B6A23F070031A430A6291
:1084B000236813F0020F0CD0E2686F4B9B6903F046
:1084C0000F039A4205D96C498B6923F00F031A43B5
:1084D0008A61236813F0010F41D0674A936923F43E
:1084E0007063A1680B4393616368022B0AD0032B6E
:1084F00027D0012B2CD0604A126812F0040F06D14D
:108500000120ADE0126812F4003F00F0AE805A493D
:108510000A6922F0070213430B61FCF7F3FF0646DA
:10852000554B1B6903F038036268B3EBC20F16D0DA
:10853000FCF7E8FF801B41F288339842F0D9032012
:108540008EE04D4A126812F0007FE0D1012087E0F2
:10855000494A126812F4807FD9D1012080E0236853
:1085600013F0020F0CD0E268434B9B6903F00F033A
:108570009A4205D240498B6923F00F031A438A615E
:108580003C4B1B6803F00F03AB420AD9394A13680E
:1085900023F00F032B431360136803F00F03AB4268
:1085A00065D1236813F0040F0CD02269324B9B690C
:1085B00003F070039A4205D22F498B6923F07003B0
:1085C0001A438A61236813F0080F0CD062692A4BA2
:1085D000DB6903F070039A4205D22749CB6923F087
:1085E00070031A43CA61236813F0100F0CD0A269FC
:1085F000214BDB6903F4E0639A4205D21E49CB6943
:1086000023F4E0631A43CA61236813F0200F0CD0EF
:10861000E269194B1B6A03F070039A4205D21649AE
:108620000B6A23F070031A430A62FFF7EBFD12494D
:108630008B69C3F30323114AD35C03F01F03D840B3
:108640008B6903F00F03D35C03F01F0320FA03F3DD
:108650000B4A13600B4B18600B4B1868FCF7E8F8DB
:1086600070BD012070470120FAE70120F8E70120E2
:10867000F6E700BF002000520044025858E9000805
:1086800008000024040000241000002408B5FFF7AF
:10869000B9FD0B4A9369C3F303230A49CB5C03F08A
:1086A0001F0320FA03F3926902F00F02885C00F0C6
:1086B0001F0023FA00F0044A1060044A136008BD4A
:1086C0000044025858E9000808000024040000246F
:1086D00008B5FFF7DBFF054BDB69C3F30213044A60
:1086E000D35C03F01F03D84008BD00BF004402580C
:1086F00058E9000808B5FFF7C9FF054BDB69C3F36C
:108700000223044AD35C03F01F03D84008BD00BF16
:108710000044025858E900083F230360114B1A69CE
:1087200002F0070242609A6902F4706282609A69FC
:1087300002F00F02C2609A6902F070020261DA6907
:1087400002F070024261DA6902F4E06282611B6A3F
:1087500003F07003C361044B1B6803F00F030B604D
:10876000704700BF0044025800200052404B9B6AF3
:1087700003F00303032B79D070B505460E463C4A3F
:10878000136823F080631360FCF7BCFE0446384B8B
:108790001B6813F0006F06D0FCF7B4FE031B022B1E
:1087A000F5D9032070BD324B9A6A22F47C322968D5
:1087B00042EA01329A626A68013AC2F30802A96881
:1087C0000139490289B20A43E9680139090401F40F
:1087D000FE010A4329690139090601F0FE410A43F5
:1087E0009A63DA6A22F0C00269690A43DA62DA6AD5
:1087F00022F02002A9690A43DA62DA6A22F0100242
:10880000DA62D96B1B4A0A40E96942EAC102DA63BB
:10881000DA6A42F01002DA62C6B91A46DB6A43F439
:108820000023D362124A136843F080631360FCF79D
:1088300069FE04460E4B1B6813F0006F14D1FCF761
:1088400061FE001B0228F5D90320ABE7012E05D0FD
:10885000074AD36A43F40013D362E3E7044AD36AB6
:1088600043F48013D362DDE700209BE701207047CB
:10887000004402580700FFFF404B9B6A03F00303CC
:10888000032B79D070B505460E463C4A136823F099
:1088900080531360FCF736FE0446384B1B6813F018
:1088A000005F06D0FCF72EFE031B022BF5D9032038
:1088B00070BD324B9A6A22F07C72296842EA0152FA
:1088C0009A626A68013AC2F30802A968013949024A
:1088D00089B20A43E9680139090401F4FE010A4337
:1088E00029690139090601F0FE410A431A64DA6A6E
:1088F00022F4406269690A43DA62DA6A22F4007299
:10890000A9690A43DA62DA6A22F48072DA62596C7F
:108910001B4A0A40E96942EAC1025A64DA6A42F42F
:108920008072DA62C6B91A46DB6A43F48003D36206
:10893000124A136843F080531360FCF7E3FD0446CA
:108940000E4B1B6813F0005F14D1FCF7DBFD001B1E
:108950000228F5D90320ABE7012E05D0074AD36AD8
:1089600043F08073D362E3E7044AD36A43F400031D
:10897000D362DDE700209BE70120704700440258E6
:108980000700FFFFF8B50446036813F0006F30D00E
:10899000436EB3F5001F26D00ED8EBB1B3F5801FA0
:1089A00007D102210830FFF7E1FE054645B12E460A
:1089B00021E0012635461EE0B3F5401F09D1002510
:1089C0009F4A136D23F44013616E0B431365002619
:1089D00011E0012635460EE0994AD36A43F400338C
:1089E000D3620025ECE702212830FFF745FF05465A
:1089F000DCE700263546236813F4807F27D0A36D7B
:108A0000042B20D8DFE803F00311180808008C4A73
:108A1000D36A43F40033D362C5B9894A136D23F096
:108A20000703A16D0B43136511E0002104F1080059
:108A3000FFF79CFE0546EFE7002104F12800FFF751
:108A40001BFF0546E8E70126354600E02E46236871
:108A500013F4806F22D0D4F8A430B3F5800F3FD048
:108A60000DD8BBB3B3F5001F06D1002104F10800F7
:108A7000FFF77CFE054608E0012635460EE0B3F51B
:108A8000000F02D0B3F5200F1ED185BB6C4A936D49
:108A900023F46003D4F8A4100B439365236813F404
:108AA000006F39D0D4F8A830B3F1007F5AD023D862
:108AB000002B51D0B3F1807F1BD1002104F10800BD
:108AC000FFF754FE05461DE0B3F5C00FDDD00126CB
:108AD0003546E3E75A4AD36A43F40033D362D4E716
:108AE000002104F12800FFF7C7FE0546CDE72E461A
:108AF000D4E7012635460FE0B3F1806F02D0B3F121
:108B0000A06F23D1002D34D14D4A936D23F0E06343
:108B1000D4F8A8100B439365236813F0007F31D07D
:108B2000E36C202B42D029D833B1102B23D1444AF7
:108B3000D36A43F40033D362002D3ED1404AD36C54
:108B400023F03003E16C0B43D3641BE0B3F1407FAF
:108B5000D8D001263546DFE7394AD36A43F40033DB
:108B6000D362CFE7002104F12800FFF785FE054618
:108B7000C8E72E46D0E70126354603E0302BDBD090
:108B800001263546236813F4805F3BD0E36DB3F5CF
:108B9000005F2FD016D83BB3B3F5805F0FD1002113
:108BA00004F10800FFF7E2FD054611E0022104F19F
:108BB0000800FFF7DBFD0546BEE72E46E2E701268B
:108BC00035461FE0B3F5405F02D0B3F5804F08D1C2
:108BD000BDB91B4A136D23F4E043E16D0B431365EC
:108BE00010E0012635460DE0154AD36A43F4003300
:108BF000D362EDE7002104F12800FFF73DFE0546B2
:108C0000E6E72E46236813F4005F29D0236EB3F500
:108C1000003F44D019D843B1B3F5803F12D10121B0
:108C200004F10800FFF7A2FD0546002D3ED1044ADD
:108C3000136D23F4E023216E0B43136510E000BF96
:108C400000440258012635460AE0B3F5802FECD0E7
:108C5000B3F5A02FE9D0B3F5403FE6D00126354665
:108C6000236813F4804F31D0D4F8AC30B3F1005FF7
:108C700045D020D843B1B3F1805F19D1012104F16F
:108C80000800FFF773FD0546002D3FD18F4A936D15
:108C900023F0E043D4F8AC100B43936516E00121B8
:108CA00004F12800FFF7E8FD0546BEE72E46D7E7AA
:108CB000012635460AE0B3F1804FE5D0B3F1A04F6D
:108CC000E2D0B3F1405FDFD001263546236813F4CC
:108CD000004F09D0E36EB3F1805F19D0B3F1005FAC
:108CE00024D0D3B101263546236813F0807F33D0DA
:108CF000A36C032B5BD8DFE803F027225327012165
:108D000004F12800FFF7B8FD0546BDE72E46DDE774
:108D10006E4AD36A43F40033D36275B96B4A136D5C
:108D200023F04053E16E0B431365DDE7012104F1AD
:108D30000800FFF71BFD0546EFE72E46D4E7634A20
:108D4000D36A43F40033D362A5BB604AD36C23F0EB
:108D50000303A16C0B43D364236813F4800F2BD15E
:108D6000236813F0010F00F0A380A36F282B00F2FB
:108D70009D80DFE803F08B9B9B9B9B9B9B9B859B34
:108D80009B9B9B9B9B9B949B9B9B9B9B9B9B8B9B4A
:108D90009B9B9B9B9B9B8B9B9B9B9B9B9B9B8B00DE
:108DA000022104F10800FFF7E1FC0546CCE70126AB
:108DB0003546D1E72E46CFE7454A136843F4807322
:108DC0001360FCF79FFB0746414B1B6813F4807F41
:108DD00005D1FCF797FBC01B6428F5D90325002DAE
:108DE0004AD13A4B1B6FD4F8B020534013F4407F64
:108DF0000CD0364B1A6F22F44072196F41F4803157
:108E00001967196F21F4803119671A67D4F8B030E7
:108E1000B3F5807F15D08DBBD4F8B03003F4407229
:108E2000B2F5407F1ED0294A136923F47C531361A5
:108E300026490B6FD4F8B020C2F30B0213430B6723
:108E40008EE7FCF75FFB0746204B1B6F13F0020F0A
:108E5000E1D1FCF757FBC01B41F288339842F3D9AC
:108E60000325D8E71948026922F47C52194901EA1E
:108E7000131313430361DBE72E4671E72E466FE7BA
:108E8000012104F10800FFF771FC0546E5B90F4A1E
:108E9000536D23F03803A16F0B43536508E00121A4
:108EA00004F12800FFF7E8FC0546EFE70126354608
:108EB000236813F0020F1DD0636F052B2ED8DFE857
:108EC00003F0110B261111112E46F1E70044025850
:108ED00000480258CFFFFF00012104F10800FFF70E
:108EE00045FC0546EDB9A94A536D23F00703616FB0
:108EF0000B435365236813F0040F23D0D4F890304C
:108F0000052B45D8DFE803F0150F3D151515012198
:108F100004F12800FFF7B0FC0546E3E701263546DB
:108F2000E8E72E46E6E7012104F10800FFF71EFC02
:108F3000054685BB954A936D23F00703D4F890103E
:108F40000B439365236813F0200F34D0D4F88C3092
:108F5000B3F1005F4ED023D843B1B3F1805F1CD191
:108F6000002104F10800FFF701FC0546002D48D15F
:108F7000864A536D23F0E043D4F88C100B435365BD
:108F800019E0012104F12800FFF776FC0546D0E73F
:108F900001263546D6E72E46D4E7012635460AE0B7
:108FA000B3F1804FE2D0B3F1A04FDFD0B3F1405F17
:108FB000DCD001263546236813F0400F31D0D4F8B9
:108FC0009830B3F5006F4DD020D843B1B3F5806F22
:108FD00019D1002104F10800FFF7C8FB0546002D58
:108FE00047D16A4A936D23F4E053D4F898100B43A9
:108FF000936516E0022104F12800FFF73DFC0546C9
:10900000B4E72E46D7E7012635460AE0B3F5805F80
:10901000E5D0B3F5A05FE2D0B3F5406FDFD0012615
:109020003546236813F0800F33D0D4F89C30B3F565
:10903000804F00F0A18021D843B1B3F5005F1AD171
:10904000002104F10800FFF791FB0546002D40F0D8
:109050009A804E4A936D23F46043D4F89C100B43DE
:10906000936516E0022104F12800FFF705FC054690
:10907000B5E72E46D5E7012635460AE0B3F5004FA1
:10908000E4D0B3F5204FE1D0B3F5C04FDED00126D8
:109090003546236813F0080F0CD0D4F88030B3F5B0
:1090A000805F75D0394A536D23F44053D4F8801053
:1090B0000B435365236813F0100F0CD0D4F8943091
:1090C000B3F5807F6DD0314A936D23F44073D4F8AB
:1090D00094100B439365236813F4002F0BD0D4F83E
:1090E000A030B3F5803F75D0B3F5003F68D0002BBA
:1090F00060D001263546236813F4802F0CD0D4F8B5
:109100008430B3F5001F7DD0B3F5401F70D0B3F5A8
:10911000801F68D001263546236813F4803F08D0AD
:10912000236D002B77D0B3F5803F00F082800126BD
:109130003546236813F0005F40F08480236813F401
:10914000003F00F08C80E36FB3F5807F00F0DF809C
:1091500040F28280B3F5007F03D0B3F5407F40F04A
:10916000D480002D40F0D980084A536D23F4407319
:10917000E16F0B43536572E0022104F12800FFF711
:109180007BFB054662E72E4683E700BF004402589A
:10919000022104F12800FFF76FFB002882D001268E
:1091A00080E7022104F12800FFF766FB00288AD03F
:1091B000012688E7002104F10800FFF7D7FA0546E9
:1091C0007DB9724A936D23F44033D4F8A0100B4359
:1091D000936590E7022104F12800FFF74DFB054657
:1091E000EEE72E4687E7694AD36A43F40033D36239
:1091F0007DB9664A536D23F44013D4F884100B43B1
:10920000536589E7012104F12800FFF735FB054686
:10921000EEE72E4680E75D4AD36A43F40033D3621B
:1092200075B95A4AD36C23F48033216D0B43D36450
:109230007FE7022104F10800FFF798FA0546EFE7FF
:109240002E4676E7022104F12800FFF715FB0028DF
:109250003FF474AF012671E7002B82D0012623680A
:1092600013F4801F06D0494A136D23F00043216F89
:109270000B431365236813F4001F06D0434A136D94
:1092800023F08073A16E0B431365236813F0804FA6
:1092900009D03E4B1A6922F400421A611A69D4F8C7
:1092A000B4100A431A612368002B06DA374AD36CDC
:1092B00023F04053616D0B43D364236813F4000F14
:1092C00007D0324A536D23F44003D4F888100B437F
:1092D0005365636813F0010F21D1636813F0020F27
:1092E00026D1636813F0040F2BD1636813F0080FC5
:1092F00030D1636813F0100F35D1636813F0200F7D
:109300003AD106B101263046F8BD0126A7E71F4A2B
:10931000D36A43F40033D36223E72E469FE700214C
:1093200004F10800FFF722FA0028D6D00646D4E759
:10933000012104F10800FFF719FA0028D1D00646F0
:10934000CFE7022104F10800FFF710FA0028CCD083
:109350000646CAE7002104F12800FFF78DFA00282D
:10936000C7D00646C5E7012104F12800FFF784FABB
:109370000028C2D00646C0E7022104F12800FFF70A
:109380007BFA0028BDD00646BBE700BF0044025868
:1093900008B5FFF77BF9054B1B6AC3F30213044AB8
:1093A000D35C03F01F03D84008BD00BF004402583F
:1093B00058E9000810B5774A916A946AC4F3053EEB
:1093C000D36AC3F3001CD36BC3F3CC030CFB03F3CE
:1093D00014F47C3F00F0D88001F0030107EE903ACE
:1093E000F8EE677A012965D0022900F0B080E1B17A
:1093F00007EE10EAB8EE477A9FED676AC6EE076A95
:10940000644B9B6BC3F3080307EE103AB8EE477A40
:109410009FED626A67EE867A77EE277AB7EE007A7A
:1094200077EE877A66EEA76A60E0136813F0200F84
:1094300023D011461268C2F3C102594BD34007EE44
:10944000103AB8EE477A06EE90EAB8EE666AC7EED2
:10945000066A8B6BC3F3080307EE103AB8EE477A3F
:109460009FED4E6A67EE867A77EE277AB7EE007A3E
:1094700077EE877A66EEA76A38E007EE10EAB8EE74
:10948000477A9FED486AC6EE076A424B9B6BC3F36F
:10949000080307EE103AB8EE477A9FED406A67EE90
:1094A000867A77EE277AB7EE007A77EE877A66EEDD
:1094B000A76A1BE007EE10EAB8EE477A9FED366A1E
:1094C000C6EE076A334B9B6BC3F3080307EE103AF3
:1094D000B8EE477A9FED316A67EE867A77EE277AA3
:1094E000B7EE007A77EE877A66EEA76A294A936B21
:1094F000C3F3462307EE103AB8EE477AB7EE006A98
:1095000037EE067AC6EE877AFCEEE77AC0ED007A8F
:10951000936BC3F3064307EE103AB8EE477A37EE83
:10952000067AC6EE877AFCEEE77AC0ED017A936B95
:10953000C3F3066307EE903AF8EE677A77EE867A21
:1095400086EEA77ABCEEC77A80ED027A10BD07EEF0
:1095500010EAB8EE477A9FED146AC6EE076A0D4B23
:109560009B6BC3F3080307EE103AB8EE477A9FED02
:109570000B6A67EE867A77EE277AB7EE007A77EE97
:10958000877A66EEA76AB1E70023036043608360D1
:10959000DCE700BF004402580024744A0000003990
:1095A0000090D0030024744C001BB74B10B5774AD1
:1095B000916A946AC4F3055ED36AC3F3002C536CBA
:1095C000C3F3CC030CFB03F314F07C7F00F0D880D2
:1095D00001F0030107EE903AF8EE677A012965D0B1
:1095E000022900F0B080E1B107EE10EAB8EE477A48
:1095F0009FED676AC6EE076A644B1B6CC3F30803F2
:1096000007EE103AB8EE477A9FED626A67EE867A07
:1096100077EE277AB7EE007A77EE877A66EEA76A5A
:1096200060E0136813F0200F23D011461268C2F3D4
:10963000C102594BD34007EE103AB8EE477A06EE16
:1096400090EAB8EE666AC7EE066A0B6CC3F30803CD
:1096500007EE103AB8EE477A9FED4E6A67EE867ACB
:1096600077EE277AB7EE007A77EE877A66EEA76A0A
:1096700038E007EE10EAB8EE477A9FED486AC6EE8A
:10968000076A424B1B6CC3F3080307EE103AB8EEAF
:10969000477A9FED406A67EE867A77EE277AB7EED3
:1096A000007A77EE877A66EEA76A1BE007EE10EA8B
:1096B000B8EE477A9FED366AC6EE076A334B1B6CED
:1096C000C3F3080307EE103AB8EE477A9FED316A0C
:1096D00067EE867A77EE277AB7EE007A77EE877AAA
:1096E00066EEA76A294A136CC3F3462307EE103AC5
:1096F000B8EE477AB7EE006A37EE067AC6EE877A9A
:10970000FCEEE77AC0ED007A136CC3F3064307EE74
:10971000103AB8EE477A37EE067AC6EE877AFCEE54
:10972000E77AC0ED017A136CC3F3066307EE903A53
:10973000F8EE677A77EE867A86EEA77ABCEEC77A7D
:1097400080ED027A10BD07EE10EAB8EE477A9FED81
:10975000146AC6EE076A0D4B1B6CC3F3080307EED1
:10976000103AB8EE477A9FED0B6A67EE867A77EE8D
:10977000277AB7EE007A77EE877A66EEA76AB1E7C6
:109780000023036043608360DCE700BF00440258AD
:109790000024744A000000390090D0030024744C67
:1097A000001BB74BF0B4036A026A22F001020262A6
:1097B000466884691F4A22400D68154323F002035E
:1097C0008C6823431C4A1D4CA04218BF90420CBF1A
:1097D000012200220CD004F58044A04214BF0024D2
:1097E0000124174FB84203D014B9164CA04205D13A
:1097F00023F00803CC68234323F004035AB9124A28
:10980000904214BF002201220D4CA04203D012B995
:109810000C4A904207D126F4407C4A6942EA0C0C7B
:109820008E6946EA0C06466085614A6842630362B7
:10983000F0BC70478CFFFEFF0000014000040140B7
:1098400000400140004801400044014070B4036AF8
:10985000026A22F4807202624568C4691A4A224090
:109860000E68164323F400738A6843EA0223174AFA
:10987000174CA04218BF90420CBF0122002206D113
:1098800023F40063CC6843EA042323F480635AB9C9
:10989000104A904214BF002201220F4CA04203D074
:1098A00012B90E4A904207D125F4405C4A694CEA4D
:1098B000021C8D694CEA05154560C6614A68C263A1
:1098C000036270BC704700BF8CFFFEFF00000140C8
:1098D00000040140004401400040014000480140B4
:1098E00070B4036A026A22F4805202624468C56955
:1098F000144A2A400D6842EA052223F400538D6879
:1099000043EA0533104E114DA84218BFB0420DD0A6
:1099100005F58045A84214BF0025012506F58046BF
:10992000B04203D015B90A4DA84204D124F48044B2
:109930004D6944EA85144460C2614A680264036266
:1099400070BC7047FF8CFFFE000001400004014026
:109950000048014070B4036A026A22F48032026255
:109960004268456D144C2C400D682C4323F40033A1
:109970008D6843EA0543114E114DA84218BFB0420D
:109980000DD005F58045A84214BF0025012506F538
:109990008046B04203D015B90A4DA84204D122F442
:1099A00080324D6942EA0522426044654A68826518
:1099B000036270BC704700BF8FFFFEFF00000140D4
:1099C000000401400048014070B4036A026A22F4B6
:1099D000801202624468456D144A2A400D6842EACA
:1099E000052223F400138D6843EA0553104E114DF0
:1099F000A84218BFB0420DD005F58045A84214BF5B
:109A00000025012506F58046B04203D015B90A4D60
:109A1000A84204D124F480244D6944EA852444609A
:109A200042654A68C265036270BC7047FF8FFFFEE3
:109A300000000140000401400048014010B4036AE6
:109A4000046A24F001040462846924F0F00C4CEAF6
:109A5000021223F00A030B43826103625DF8044B98
:109A6000704710B4036A046A24F010040462846925
:109A700024F4704C4CEA023223F0A00343EA0113B1
:109A8000826103625DF8044B704700008268034BFB
:109A900013400B4343F00703836070478FFFCFFFF2
:109AA00090F83D30DBB2012B42D1022380F83D30EB
:109AB0000268D36843F00103D36003681E4AB3F120
:109AC000804F18BF934225D0A2F57C42934221D00B
:109AD00002F5806293421DD002F58062934219D054
:109AE00002F57842934215D0A2F56C42934211D010
:109AF00002F5943293420DD0A2F5C042934209D0B0
:109B000002F58062934205D01A6842F001021A60A1
:109B1000002070479968094A0A40062A18BFB2F522
:109B2000803F07D01A6842F001021A600020704797
:109B3000012070470020704700000140070001002D
:109B4000704770477047704770B504460368DE6819
:109B50001D6915F0020F10D016F0020F0DD06FF036
:109B600002021A610123037703689B6913F0030F54
:109B700064D0FFF7E6FF0023237715F0040F12D01F
:109B800016F0040F0FD023686FF004021A6102234D
:109B9000237723689B6913F4407F55D02046FFF755
:109BA000D0FF0023237715F0080F12D016F0080F0E
:109BB0000FD023686FF008021A610423237723680B
:109BC000DB6913F0030F46D02046FFF7BAFF0023EE
:109BD000237715F0100F12D016F0100F0FD0236856
:109BE0006FF010021A61082323772368DB6913F4EE
:109BF000407F37D02046FFF7A4FF0023237715F0DE
:109C0000010F02D016F0010F33D115F4025F02D01C
:109C100016F0800F35D115F4807F02D016F0800F3A
:109C200037D115F0400F02D016F0400F39D115F0A2
:109C3000200F02D016F0200F3BD170BDFFF780FF40
:109C40002046FFF77FFF96E72046FFF779FF204683
:109C5000FFF778FFA5E72046FFF772FF2046FFF7E2
:109C600071FFB4E72046FFF76BFF2046FFF76AFF5E
:109C7000C3E723686FF001021A612046FAF72CFD52
:109C8000C3E723686FF402521A61204600F0F3FA2A
:109C9000C1E723686FF480721A61204600F0ECFA85
:109CA000BFE723686FF040021A612046FFF74BFFC1
:109CB000BDE723686FF020021A61204600F0DAFA4F
:109CC000BBE7000070B403683E4A904214BF002214
:109CD0000122B0F1804F14BF144642F00104ACB928
:109CE000394DA84214BF00250125384EB0420DD091
:109CF00065B905F1804505F58235A84214BF0025F8
:109D0000012506F50066B04200D01DB123F07003B6
:109D10004D682B4364BB2C4CA04214BF002401248B
:109D20002A4DA84224D01CBB04F1804404F582349F
:109D3000A04214BF0024012405F50065A84217D0F5
:109D4000B4B9234CA04214BF0024012405F59A3570
:109D5000A8420DD064B91F4CA04214BF00240124B6
:109D600005F50065A84203D014B91B4CA04203D1ED
:109D700023F44073CC68234323F080034C692343CE
:109D80008C68C4620C688462144CA04208BF42F024
:109D9000010262B90E4A904214BF0022012204F56A
:109DA0007054A04203D012B90D4A904201D10A6901
:109DB0000263026842F00402026001224261036011
:109DC00070BC7047000001400008004000040040E3
:109DD0000044014000E0004000E400400004014075
:109DE0000048014060B310B5044690F83D3013B30D
:109DF000022384F83D30214651F8040BFFF762FF3F
:109E0000012384F8483084F83E3084F83F3084F8E9
:109E1000403084F8413084F8423084F8433084F88C
:109E2000443084F8453084F8463084F8473084F86C
:109E30003D30002010BD80F83C30FAF7C9FED7E76E
:109E40000120704760B310B5044690F83D3013B35D
:109E5000022384F83D30214651F8040BFFF732FF0E
:109E6000012384F8483084F83E3084F83F3084F889
:109E7000403084F8413084F8423084F8433084F82C
:109E8000443084F8453084F8463084F8473084F80C
:109E90003D30002010BD80F83C30FAF7D5FED7E702
:109EA0000120704770B4036A026A22F01002026255
:109EB000456884691A4A22400E6842EA062623F061
:109EC00020038A6843EA0213164A174CA04218BFBF
:109ED00090420CBF0122002206D123F08003CC68FF
:109EE00043EA041323F040035AB9104A904214BFC6
:109EF000002201220E4CA04203D012B90D4A90421A
:109F000007D125F4406C4A694CEA820C8D694CEA11
:109F10008505456086614A688263036270BC70474C
:109F2000FF8CFFFE0000014000040140004401409E
:109F3000004001400048014038B590F83C30012B0A
:109F400000F0958004460D46012380F83C30142A29
:109F500000F28880DFE802F00B8686861F86868600
:109F600034868686488686865D8686867100006889
:109F7000FFF718FC2268936943F008039361226895
:109F8000936923F0040393612268936929690B4361
:109F90009361002067E00068FFF784FF22689369FF
:109FA00043F4006393612268936923F480639361AF
:109FB00022689369296943EA01239361002052E0F2
:109FC0000068FFF743FC2268D36943F00803D361BC
:109FD0002268D36923F00403D3612268D369296915
:109FE0000B43D36100203EE00068FFF779FC226854
:109FF000D36943F40063D3612268D36923F4806397
:10A00000D3612268D369296943EA0123D36100201F
:10A0100029E00068FFF79EFC2268536D43F00803B7
:10A0200053652268536D23F0040353652268536D12
:10A0300029690B435365002015E00068FFF7C4FC55
:10A040002268536D43F4006353652268536D23F413
:10A05000806353652268536D296943EA0123536580
:10A06000002000E00120002384F83C3038BD0220AD
:10A07000FCE710B4846824F47F4C42EA03220A43CC
:10A0800042EA0C0282605DF8044B704790F83C3065
:10A09000012B00F08F8010B50446012380F83C307E
:10A0A000022380F83D3002689068434B0340936080
:10A0B0000B68702B55D031D8502B6CD00CD9602B3D
:10A0C0002AD1CA6849682068FFF7CBFC6021206864
:10A0D000FFF7DCFC002035E0402B0AD1CA68496854
:10A0E0002068FFF7ABFC40212068FFF7CFFC002081
:10A0F00028E05BD8202B07D003D9302B04D00120D7
:10A1000020E00BB1102B05D119462068FFF7BEFCEB
:10A11000002017E0012015E0012013E0B3F5005FF7
:10A120002CD00BD9254A9342EED012D9244A93421F
:10A13000EAD010329342E7D0012003E0B3F5805F0C
:10A1400036D10020012384F83D30002384F83C30D0
:10A1500010BDB3F5801FD7D0B3F1101FD4D00120AC
:10A16000F0E7CB684A6889682068FFF782FF2268B9
:10A17000936843F0770393600020E3E7CB684A6875
:10A1800089682068FFF775FF2268936843F480436D
:10A1900093600020D6E7CA6849682068FFF74EFC44
:10A1A00050212068FFF772FC0020CBE70120C9E7AF
:10A1B0000120C7E7022070478800CEFF2000100072
:10A1C0003000100090F83C30012B4DD070B40123CA
:10A1D00080F83C30022380F83D3003685A689C6860
:10A1E000224E234DAB4218BFB34203D122F470027A
:10A1F0004D682A4322F070020D682A435A600368B2
:10A200001A4AB3F1804F18BF93421FD0A2F57C4287
:10A2100093421BD002F58062934217D002F5806210
:10A22000934213D002F5784293420FD0A2F56C42CC
:10A2300093420BD002F59432934207D0A2F5C0426C
:10A24000934203D002F58062934204D124F080044B
:10A250008A6814439C60012380F83D30002380F815
:10A260003C30184670BC7047022070470000014027
:10A2700000040140704770477047026852E8003F91
:10A2800023F0C00342E800310029F6D1026802F150
:10A29000080353E8003F23F40003083242E800318A
:10A2A0000029F3D12023C0F888307047026852E8B3
:10A2B000003F23F4907342E800310029F6D1026890
:10A2C00002F1080353E8001F0D4B0B40083242E82F
:10A2D00000310029F3D1C36E012B06D02023C0F832
:10A2E0008C300023C36643677047026852E8003F22
:10A2F00023F0100342E800310029F6D1EEE700BF59
:10A30000FEFFFFEF1346D0F88820202A3DD110B57C
:10A310000446002B18BF002939D00165A0F854303D
:10A32000A0F856300022C0F890202122C0F88820E2
:10A33000C26FCAB11749D163C26F17491164C26FA6
:10A340001649D164C26F0021116502682832016D7F
:10A35000C06FFBF725FD38B11023C4F890302023DF
:10A36000C4F8883001200FE0236840221A62226876
:10A3700002F1080353E8003F43F08003083242E84B
:10A3800000310029F3D1002010BD022070470120C8
:10A39000FAE700BF55A40008C1A40008CFA4000834
:10A3A00038B50446D0F88820D0F88C5003689B68F4
:10A3B00013F0800F01D0212A08D023689B6813F086
:10A3C000400F44D0222D20D0002041E0226802F12D
:10A3D000080353E8003F23F08003083242E80031CD
:10A3E0000029F3D1E06F10B1FBF726FE18B9204623
:10A3F000FFF743FFE1E7E06FFCF792FC2028F6D17E
:10A400001023C4F89030032022E0226802F10803F0
:10A4100053E8003F23F04003083242E800310029AE
:10A42000F3D1D4F8800010B1FBF706FE20B9204626
:10A43000FFF73CFF00200BE0D4F88000FCF770FC35
:10A440002028F4D11023C4F89030032000E000202D
:10A4500038BD704708B50346806BDB69B3F5807F74
:10A4600018D00023A0F85630026802F1080353E820
:10A47000003F23F08003083242E800310029F3D185
:10A48000026852E8003F43F0400342E800310029EF
:10A49000F6D108BDFFF7DDFFFBE708B5026852E81B
:10A4A000003F23F0400342E800310029F6D1202389
:10A4B000C0F8883000238367FFF7CBFF08BD7047E3
:10A4C00008B5806BFFF7FBFF08BD7047704738B5D4
:10A4D000846BD4F88820D4F88C5023689B6813F0E0
:10A4E000800F01D0212A10D023689B6813F0400F01
:10A4F00001D0222D10D0D4F8903043F01003C4F8CE
:10A5000090302046F9F7A8FB38BD0023A4F8563058
:10A510002046FFF7B2FEE7E70023A4F85E302046AE
:10A52000FFF7C4FEE7E708B5806B0023A0F85E30B4
:10A53000F9F792FB08BD704770B504460168CB6916
:10A5400008688D6840F60F021A4008D113F0200FFA
:10A5500005D010F0200F34D115F0805F31D12AB131
:10A560008B4A2A4033D18B4E304230D1E26E012AE1
:10A5700000F0C68013F4801F03D015F4800F40F064
:10A58000A98113F0800F07D010F0800F40F0A9814F
:10A5900015F4000F40F0A58113F0400F03D010F028
:10A5A000400F40F0A58113F4000F03D010F0804F4E
:10A5B00040F0A28113F0807F02D00028C0F2A08179
:10A5C00070BD636F002BFBD020469847F8E713F06F
:10A5D000010F09D010F4807F06D001260E62D4F856
:10A5E00090103143C4F8901013F0020F0BD015F007
:10A5F000010F08D0216802260E62D4F8901041F0B5
:10A600000401C4F8901013F0040F0BD015F0010FE3
:10A6100008D0216804260E62D4F8901041F002019F
:10A62000C4F8901013F0080F0BD010F0200F00D1D9
:10A630003AB1226808211162D4F890200A43C4F884
:10A64000902013F4006F0CD010F0806F09D02268B6
:10A650004FF400611162D4F8902042F02002C4F857
:10A660009020D4F89020002AAAD013F0200F09D00F
:10A6700010F0200F02D115F0805F03D0636F0BB193
:10A6800020469847D4F8902023689B6813F0400F29
:10A6900002D112F0280F2CD02046FFF707FE2368C6
:10A6A0009B6813F0400F20D0226802F1080353E8A2
:10A6B000003F23F04003083242E800310029F3D183
:10A6C000D4F880306BB1344A1A65D4F88000FBF7B7
:10A6D00053FE00283FF474AFD4F88000036D984710
:10A6E0006EE72046F9F7B8FA6AE72046F9F7B4FAB8
:10A6F00066E72046F9F7B0FA0023C4F890305FE728
:10A7000013F0100F3FF436AF10F0100F3FF432AFDC
:10A7100010230B6223689B6813F0400F00F0A080A9
:10A72000D4F8802013681D481D498B4218BF83420E
:10A7300038D018318B4235D018318B4232D0183195
:10A740008B422FD018318B422CD018318B4229D01C
:10A7500018318B4226D001F556718B4222D0183128
:10A760008B421FD018318B421CD018318B4219D02C
:10A7700018318B4216D018318B4213D018318B42CE
:10A7800010D018318B420DD05B689BB20CE000BF3B
:10A79000010000102001000427A50008100002405D
:10A7A000280002405B689BB2002B49D0B4F85C10D3
:10A7B000994245D9A4F85E30D369B3F5807F32D091
:10A7C000226852E8003F23F4807342E800310029F8
:10A7D000F6D1226802F1080353E8003F23F0010399
:10A7E000083242E800310029F3D1226802F108035F
:10A7F00053E8003F23F04003083242E800310029CB
:10A80000F3D12023C4F88C300023E366226852E899
:10A81000003F23F0100342E800310029F6D1D4F8BC
:10A820008000FBF709FC02232367B4F85C10B4F83E
:10A830005E309BB2C91A89B22046FFF77CFEBFE6A4
:10A84000B4F85C1099427FF4BBAED369B3F5807F56
:10A850007FF4B6AE022323672046FFF76CFEAFE617
:10A86000B4F85C10B4F85E309BB2C91A89B2B4F87F
:10A870005E309BB2002B3FF4A3AE00293FF4A0AEA4
:10A88000226852E8003F23F4907342E80030002829
:10A89000F6D1226802F1080353E8000F1A4B034077
:10A8A000083242E800300028F3D12023C4F88C306D
:10A8B0000023E3666367226852E8003F23F0100339
:10A8C00042E800300028F6D1022323672046FFF734
:10A8D00032FE75E64FF480130B62204600F0C2FD95
:10A8E0006EE6A36F002B3FF46BAE2046984767E6F9
:10A8F0002046FFF7D2FD63E6204600F0B5FD5FE697
:10A90000204600F0B0FD5BE6FEFFFFEF08B5806B70
:10A9100001230367C36E012B02D0FFF7D7FD08BDEB
:10A92000B0F85C104908FFF706FEF8E708B50346E3
:10A93000806BDB69B3F5807F29D00023A0F85E30FF
:10A94000026852E8003F23F4807342E80031002996
:10A95000F6D1026802F1080353E8003F23F0010337
:10A96000083242E800310029F3D1026802F10803FD
:10A9700053E8003F23F04003083242E80031002949
:10A98000F3D12023C0F88C30C36E012B07D00023F5
:10A990000367C36E012B0CD0FFF797FD08BD02685B
:10A9A00052E8003F23F0100342E800310029F6D1BD
:10A9B000EDE7B0F85C10FFF7BEFDEFE770B586B0CD
:10A9C0000446016883680269134342691343C269FC
:10A9D00013430868904A024013430B60226853688F
:10A9E00023F44053E1680B435360A16922688B4B09
:10A9F0009A4201D0236A19439068894B03400B4364
:10AA000093602268D36A23F00F03616A0B43D36219
:10AA10002268844B9A4229D0834B9A4200F094805A
:10AA2000824B9A4200F0AA80814B9A4200F0C0808B
:10AA3000804B9A4200F0D6807F4B9A4200F008810A
:10AA40007E4B9A4200F02D817D4B9A4200F040816E
:10AA50007C4B9A4200F053817B4B9A4200F0788104
:10AA60006E4B9A4200F09D81802333E0774B5B6D03
:10AA700003F03803282B65D8DFE813F029006400C1
:10AA8000640064006400640064006400AB0164005E
:10AA90006400640064006400640064002B006400CF
:10AAA0006400640064006400640064005E0064008C
:10AAB000640064006400640064006400600064007A
:10AAC00064006400640064006400640062000123A8
:10AAD00000E0082351498A4200F09481E069B0F512
:10AAE000004F00F00A82202B00F26282202B00F23D
:10AAF000AC82DFE813F079027F02AA02AA02820286
:10AB0000AA02AA02AA028702AA02AA02AA02AA0208
:10AB1000AA02AA02AA028C02AA02AA02AA02AA02F3
:10AB2000AA02AA02AA02AA02AA02AA02AA02AA02C5
:10AB3000AA02AA02AA0298021023CBE72023C9E79F
:10AB40004023C7E78023C5E7404B5B6D03F0070355
:10AB5000052B11D8DFE813F006003F0108000A00BA
:10AB60000C000E000023B5E70823B3E71023B1E77C
:10AB70002023AFE74023ADE78023ABE7334B5B6D8A
:10AB800003F00703052B11D8DFE813F006002701B7
:10AB900008000A000C000E0000239BE7082399E739
:10ABA000102397E7202395E7402393E7802391E73D
:10ABB000264B5B6D03F00703052B11D8DFE813F07C
:10ABC00006000F0108000A000C000E00002381E7B8
:10ABD00008237FE710237DE720237BE7402379E7E5
:10ABE000802377E7194B5B6D03F00703052B11D822
:10ABF000DFE813F00600F70008000A000C000E0062
:10AC0000002367E7082365E7102363E7202361E754
:10AC100040235FE780235DE7F369FFCF000C005816
:10AC2000FFF4FF11001001400044004000480040C4
:10AC3000004C0040005000400014014000780040EB
:10AC4000007C004000180140001C014000440258F4
:10AC5000694B5B6D03F03803282B20D8DFE803F045
:10AC6000151F1F1F1F1F1F1FC31F1F1F1F1F1F1F5A
:10AC7000171F1F1F1F1F1F1F191F1F1F1F1F1F1FF2
:10AC80001B1F1F1F1F1F1F1F1D00012322E708235B
:10AC900020E710231EE720231CE740231AE7802328
:10ACA00018E7554B5B6D03F00703052B0ED8DFE863
:10ACB00003F0039C0507090B00230BE7082309E7B2
:10ACC000102307E7202305E7402303E7802301E75C
:10ACD000494B5B6D03F00703052B0ED8DFE803F04B
:10ACE00003870507090B0023F4E60823F2E6102387
:10ACF000F0E62023EEE64023ECE68023EAE63E4B36
:10AD00005B6D03F03803282B20D8DFE803F0151F14
:10AD10001F1F1F1F1F1F721F1F1F1F1F1F1F171FF8
:10AD20001F1F1F1F1F1F191F1F1F1F1F1F1F1B1F3D
:10AD30001F1F1F1F1F1F1D000123CBE60823C9E68D
:10AD40001023C7E62023C5E64023C3E68023C1E6DF
:10AD5000294B5B6D03F03803282B20D8DFE803F084
:10AD6000151F1F1F1F1F1F1F4E1F1F1F1F1F1F1FCE
:10AD7000171F1F1F1F1F1F1F191F1F1F1F1F1F1FF1
:10AD80001B1F1F1F1F1F1F1F1D000123A2E60823DB
:10AD9000A0E610239EE620239CE640239AE680232B
:10ADA00098E603F50E339B6D03F00703052B0ED8D1
:10ADB000DFE803F003260507090B02238AE60823D0
:10ADC00088E6102386E6202384E6402382E680235B
:10ADD00080E604237EE604237CE604237AE604234B
:10ADE00078E6042376E6042374E6042372E604235B
:10ADF00070E604236EE600BF00440258042369E6AF
:10AE0000042367E6202B27D8022BC0F01081023BD9
:10AE10001E2B00F20E81DFE813F050000C015600EB
:10AE20000C010C010C015B000C010C010C010C016C
:10AE30000C010C010C0160000C010C010C010C0157
:10AE40000C010C010C010C010C010C010C010C019A
:10AE50000C010C010C016C00402B2CD14FF4004074
:10AE6000626A804B33F81220B0FBF2F3656805EBA1
:10AE70004501994200F2DF80B3EB053F00F2DD802F
:10AE8000002633463146F6F70DF8090241EA106113
:10AE900000026B08C0182A46334641F10001F6F75C
:10AEA00001F8A0F54072704B9A4200F2C880236806
:10AEB000D8603046CAE00120C8E0FEF769FA0028F1
:10AEC000CED10020C2E003A8FEF774FA0498F6E79A
:10AED0006846FEF76BFB0198F1E7644B1B6813F0C3
:10AEE000200F08D0614B1B68C3F3C1036048D840F2
:10AEF000E5E76048B4E75E48B2E7202B15D8202B81
:10AF000000F29F80DFE803F031379D9D3A9D9D9DC3
:10AF10003F9D9D9D9D9D9D9D449D9D9D9D9D9D9D18
:10AF20009D9D9D9D9D9D9D9D5000402B1BD1626AC6
:10AF30004C4B33F81230B0FBF3F06268530803EB6C
:10AF40004000B0FBF2F0A0F110024FF6EF739A420E
:10AF500079D883B223F00F03C0F34200184323686B
:10AF6000D860002072E0012070E0FDF7B1FB0028FE
:10AF7000DDD100206AE0FDF7BDFBF8E703A8FEF78E
:10AF800019FA0498F3E76846FEF710FB0198EEE71C
:10AF9000364B1B6813F0200F08D0344B1B68C3F3EB
:10AFA000C1033348D840E2E73248C0E73048BEE743
:10AFB000402B17D14FF40040626A2A4B33F812300D
:10AFC000B0FBF3F0636800EB5300B0FBF3F0A0F1CB
:10AFD00010024FF6EF739A4242D8236880B2D860CD
:10AFE000002033E0012031E0FDF772FB0028E3D1BF
:10AFF00000202BE0FDF77EFBF8E703A8FEF7DAF967
:10B000000498F3E76846FEF7D1FA0198EEE7174B8C
:10B010001B6813F0200F08D0144B1B68C3F3C10347
:10B020001348D840E2E71348C6E71148C4E70120B7
:10B030000CE001200AE0012008E0012006E00120E8
:10B0400004E0012002E0012000E001200123A4F837
:10B050006A30A4F8683000236367A36706B070BD48
:10B060000120F3E780E90008FFFC0F0000440258CC
:10B070000090D00300093D00836A13F0080F06D04A
:10B080000268536823F40043816B0B435360836A67
:10B0900013F0010F06D00268536823F40033C16A2D
:10B0A0000B435360836A13F0020F06D002685368A3
:10B0B00023F48033016B0B435360836A13F0040F56
:10B0C00006D00268536823F48023416B0B4353601E
:10B0D000836A13F0100F06D00268936823F480533C
:10B0E000C16B0B439360836A13F0200F06D0026894
:10B0F000936823F40053016C0B439360836A13F04D
:10B10000400F0AD00268536823F48013416C0B434C
:10B110005360436CB3F5801F0BD0836A13F0800F2C
:10B1200006D00268536823F40023C16C0B435360BC
:10B1300070470268536823F4C003816C0B4353606B
:10B14000EBE72DE9F84305460E4617469946DDF82C
:10B1500020802C68E46936EA04030CBF4FF0010C30
:10B160004FF0000CBC453AD1B8F1FF3FF1D0FAF7EF
:10B17000C9F9A0EB0900404534D8B8F1000F33D02D
:10B180002B681A6812F0040FE3D0B6F1400218BF22
:10B190000122802EDDD0002ADBD0DA6912F0080F00
:10B1A00011D1DA6912F4006FD3D04FF400621A6241
:10B1B0002846FFF77BF82023C5F89030002385F858
:10B1C000843003200CE008241C622846FFF76EF848
:10B1D000C5F89040002385F88430012000E000206D
:10B1E000BDE8F8830320FBE70320F9E730B583B01F
:10B1F00004460023C0F89030FAF784F90546226827
:10B20000126812F0080F10D123681B6813F0040FA6
:10B2100028D12023C4F88830C4F88C300020E066A0
:10B22000206784F8840003B030BD6FF07E43009344
:10B23000034600224FF400112046FFF782FF00284A
:10B24000E2D0226852E8003F23F0800342E8003158
:10B250000029F6D12023C4F88830002384F88430F4
:10B260000320E0E76FF07E4300932B4600224FF46B
:10B2700080012046FFF765FF0028CAD0226852E807
:10B28000003F23F4907342E800310029F6D1226890
:10B2900002F1080353E8003F23F00103083242E8BB
:10B2A00000310029F3D12023C4F88C30002384F826
:10B2B00084300320B7E778B310B50446D0F888305F
:10B2C0000BB32423C4F888302268136823F00103E9
:10B2D0001360A36AE3B92046FFF770FB012811D081
:10B2E0002268536823F4904353602268936823F0E4
:10B2F0002A0393602268136843F001031360204619
:10B30000FFF774FF10BD80F88430F9F777FED8E7B7
:10B310002046FFF7B1FEDEE70120704710B5044676
:10B3200013468165A0F85C200022C0F890202222FC
:10B33000C0F88C20D0F88020AAB12149D163D0F880
:10B34000802020491164D0F880201F49D164D0F8B2
:10B350008020002111650168826D2431D0F88000C1
:10B36000FAF71EFD20BB236943B1226852E8003F73
:10B3700043F4807342E800310029F6D1226802F1DB
:10B38000080353E8003F43F00103083242E800316C
:10B390000029F3D1226802F1080353E8003F43F08B
:10B3A0004003083242E800310029F3D1002010BDEB
:10B3B0001023C4F890302023C4F88C300120F6E725
:10B3C0002DA900080DA90008CFA4000838B5D0F8B1
:10B3D0008C30202B19D1002A18BF002917D0002348
:10B3E000C36603680B4CA3420CD05B6813F4000FD8
:10B3F00008D0046854E8003F43F0806344E8003517
:10B40000002DF6D1FFF78AFF00E0022038BD0120B1
:10B41000FCE700BF000C0058436E2BB90123A0F8D5
:10B420006A30A0F86830704730B403689A68C2F395
:10B4300042629968490F094D6B5C1B01084C615CC5
:10B4400093FBF1F3A0F86A30AB5C1B01A25C93FBA9
:10B45000F2F3A0F8683030BC704700BFA0E90008E4
:10B4600098E9000870477047704790F88430012BC6
:10B4700018D0012380F884302423C0F88830036872
:10B480001A68196821F00101196022F000520023A6
:10B49000436601680A602022C0F8882080F8843062
:10B4A000184670470220704738B590F88430012B59
:10B4B0001DD00446012380F884302423C0F888304E
:10B4C00003681D681A6822F001021A600268936816
:10B4D00023F0604319439160FFF79EFF23681D60CE
:10B4E0002023C4F88830002084F8840038BD02206E
:10B4F000FCE738B590F88430012B1DD004460123B9
:10B5000080F884302423C0F8883003681D681A68E6
:10B5100022F001021A600268936823F06063194305
:10B520009160FFF779FF23681D602023C4F88830FD
:10B53000002084F8840038BD0220FCE708B54FF0F5
:10B54000E0231B6901F01AFC012800D108BD00F0BE
:10B55000D1F9FBE7EFF305832BB9064B186828B93F
:10B5600001221A6070476FF0050070474FF0FF30FE
:10B57000704700BF68260024EFF3058373B90A4BB8
:10B580001B68012B0DD110B50024084BDC77064B4E
:10B5900002221A6001F042F9204610BD6FF005004A
:10B5A00070474FF0FF3070476826002400ED00E040
:10B5B000F0B587B000240594EFF305847CBB70B32D
:10B5C0002AB31568936903B918235C1E372C4AD82F
:10B5D000546814F0010F48D1566976B14FEA960CC1
:10B5E000946834B1D768B7F5916F02D3176907B182
:10B5F000C6B92CB14FF0FF340EE04FF0800CEFE7EE
:10B60000D4688CB9146994B14FF0FF3404E0154646
:10B61000002418234FF0800C012C0AD0ACB10598FF
:10B6200007B0F0BD0124F7E74FF0FF34F4E7002442
:10B63000F2E7146992680292019400930B46624605
:10B64000294601F079F80590E9E705AA01920093EF
:10B650000B461FFA8CF2294601F0ABF80128DED028
:10B6600000230593DBE70020DAE70020D8E708B5E0
:10B67000EFF3058333B908B9002008BD01F03AFAA9
:10B680000020FAE76FF00500F7E70000034B0360C6
:10B69000034B0B6080231360704700BFE021002440
:10B6A000E01F0024034B0360034B0B604FF48073D7
:10B6B00013607047702A00246C26002400F10803F0
:10B6C00043604FF0FF328260C36003610023036078
:10B6D000704700230361704743684B609A688A6033
:10B6E000516099600861036801330360704730B4AA
:10B6F0000D68B5F1FF3F11D000F108031C465B68EF
:10B700001A68AA42FAD963684B6099608C606160DC
:10B71000086103680133036030BC70470469F2E7D5
:10B720000369416882688A60416851605A68824250
:10B7300006D0002202611A68013A1A601868704740
:10B7400082685A60F5E7000082B0002301930D4B38
:10B750001B68B3F1FF3F08D04FF0500383F311880B
:10B76000BFF36F8FBFF34F8FFEE74FF0500383F3AC
:10B770001188BFF36F8FBFF34F8F019B002BFCD05D
:10B7800002B070471400002408480068006880F385
:10B7900008884FF0000080F3148862B661B6BFF3EA
:10B7A0004F8FBFF36F8F00DF00BF000008ED00E098
:10B7B000DFF80C00016841F470010160704700007F
:10B7C00088ED00E04FF0807340F8043C21F0010167
:10B7D00040F8081C054B40F80C3C40F8202C6FF05A
:10B7E000020340F8243C4438704700BF49B70008C2
:10B7F000074B19680868B0E8F04F80F30988BFF379
:10B800006F8F4FF0000080F311887047AFF3008016
:10B81000606B00244FF0500383F31188BFF36F8FE8
:10B82000BFF34F8F0B4A136801331360012B00D015
:10B8300070474FF0E023D3F8043D13F0FF0FF7D02B
:10B840004FF0500383F31188BFF36F8FBFF34F8F17
:10B85000FEE700BF14000024094B1B6843B94FF0FA
:10B86000500383F31188BFF36F8FBFF34F8FFEE751
:10B87000013B034A13600BB983F31188704700BF83
:10B880001400002400000000000000000000000080
:10B89000EFF30980BFF36F8F154B1A681EF0100F7E
:10B8A00008BF20ED108A20E9F04F10602DE9090053
:10B8B0004FF0500080F31188BFF34F8FBFF36F8FAD
:10B8C00001F03EF94FF0000080F3118809BC1968BF
:10B8D0000868B0E8F04F1EF0100F08BFB0EC108AF7
:10B8E00080F30988BFF36F8F704700BFAFF300800C
:10B8F000606B002408B54FF0500383F31188BFF349
:10B900006F8FBFF34F8F00F0EDFF28B14FF0E023B2
:10B910004FF08052C3F8042D002383F3118808BD33
:10B920004FF0E022002313619361054B1B6805492A
:10B93000A1FB03139B09013B53610723136170476C
:10B9400004000024D34D62104FF0E023D3F8002D03
:10B950003D4B9A421CD04FF0E023D3F8002D3B4BD7
:10B960009A421ED030B583B0394B1A78D2B20192C8
:10B97000FF221A701B78DBB28DF803309DF803307C
:10B9800003F05003334A1370334B07221A601BE055
:10B990004FF0500383F31188BFF36F8FBFF34F8FC6
:10B9A000FEE74FF0500383F31188BFF36F8FBFF3AF
:10B9B0004F8FFEE7284A1368013B13609DF8033060
:10B9C0005B00DBB28DF803309DF8033013F0800F7D
:10B9D000F0D1214B1B68032B08D04FF0500383F3A9
:10B9E0001188BFF36F8FBFF34F8FFEE71B021A4A18
:10B9F000136003F4E0631360019BDBB2144A13701D
:10BA00004FF0E024D4F8203D43F47003C4F8203D07
:10BA1000D4F8203D43F07043C4F8203DFFF780FF89
:10BA200000250E4B1D60FFF7C3FED4F8343F43F0F2
:10BA30004043C4F8343FFFF7A7FE01F081F8FFF759
:10BA400083FE284603B030BD71C20F4170C20F4162
:10BA500000E400E0F82E0024FC2E00241400002452
:10BA6000EFF305830F2B0FD9114A9B5CDBB2114A10
:10BA700012789A4208D94FF0500383F31188BFF32C
:10BA80006F8FBFF34F8FFEE74FF0E023D3F80C3DED
:10BA900003F4E063084A1268934208D94FF0500358
:10BAA00083F31188BFF36F8FBFF34F8FFEE77047AB
:10BAB000F0E300E0F82E0024FC2E0024124A12F0DD
:10BAC000070F1ED0D11D21F00701C1F5705313449B
:10BAD0000A460E480260002141601344083B23F0EF
:10BAE00007030B48036059601960991A516013608D
:10BAF000084B1960084B1960084B4FF000421A6060
:10BB000070474FF47053E4E7042F0024186B0024AF
:10BB1000002F00240C6B0024086B0024046B00240D
:10BB2000164B1A461B688342FBD3516802EB010C8B
:10BB3000844509D0416800EB010C634509D00360DE
:10BB4000904219D01060704740680144516010461F
:10BB5000F0E710B40A4C2468A3420BD05B68194488
:10BB6000416013681B680360904200D010605DF86C
:10BB7000044B70470460F7E7704700BF186B002460
:10BB8000002F002470B5054600F09EFE364B1B6862
:10BB9000A3B1364B1B681D424ED135B1083515F0A7
:10BBA000070F02D025F007050835002D46D0304B91
:10BBB0001B68AB4251D32F4A146804E0FFF77EFFA5
:10BBC000E7E722461C466368AB4202D22368002B9B
:10BBD000F7D1254B1B68A34241D01668083623686D
:10BBE000136063685B1B102B10D9601910F0070FEE
:10BBF00008D04FF0500383F31188BFF36F8FBFF36A
:10BC00004F8FFEE743606560FFF78AFF626818495F
:10BC10000B689B1A0B60184909688B4201D21649C0
:10BC20000B60124B1B681343636000232360134AAD
:10BC300013680133136002E0002600E0002600F0E4
:10BC4000DDFE16F0070F0CD04FF0500383F3118880
:10BC5000BFF36F8FBFF34F8FFEE70026EFE700269D
:10BC6000EDE7304670BD00BF002F0024046B0024B8
:10BC7000086B0024186B00240C6B0024106B00244C
:10BC8000002834D038B50446A0F1080550F8043C2B
:10BC9000174A1268134208D14FF0500383F31188FA
:10BCA000BFF36F8FBFF34F8FFEE750F8081C41B111
:10BCB0004FF0500383F31188BFF36F8FBFF34F8FA3
:10BCC000FEE723EA020340F8043C00F0FDFD54F8CF
:10BCD000041C084A13680B4413602846FFF720FF32
:10BCE000054A13680133136000F088FE38BD7047C1
:10BCF000046B0024086B0024146B002410B5044668
:10BD0000FFF788FDA26BE36B9A4204D00024FFF793
:10BD1000A3FD204610BD0124F9E710B50446FFF746
:10BD200079FDA36B23B90124FFF796FD204610BDD2
:10BD30000024F9E770B504461546866B026C5AB9C3
:10BD400003681BB100200136A66370BD806801F056
:10BD500025F80023A360F6E76DB94068F6F78EF981
:10BD6000226C636813446360A268934219D323680A
:10BD700063602846E7E7C068F6F780F9226C514215
:10BD8000E3689B1AE3602268934202D2A3680B44E3
:10BD9000E360022D01D00020D5E726B1013E00204E
:10BDA000D1E72846CFE70020CDE70346026C6AB111
:10BDB00010B50846D9681144D9609C68A14201D3E6
:10BDC0001968D960D968F6F759F910BD704738B5C8
:10BDD0000546FFF71FFD95F8454064B201E0013CC0
:10BDE00064B2002C0ADD6B6A43B105F1240000F057
:10BDF0002BFF0028F3D000F0BBFFF0E7FF2385F80E
:10BE00004530FFF729FDFFF705FD95F8444064B282
:10BE100001E0013C64B2002C0ADD2B6943B105F15D
:10BE2000100000F011FF0028F3D000F0A1FFF0E7B0
:10BE3000FF2385F84430FFF70FFD38BD38B5E0B17A
:10BE40000D460446FFF7E6FC2368E26B216C01FB1C
:10BE50000230A0600020A0636360013A02FB01335E
:10BE6000E360FF2384F8443084F84530FDB923694A
:10BE700063B9FFF7F1FC012038BD4FF0500383F3A5
:10BE80001188BFF36F8FBFF34F8FFEE704F11000EF
:10BE900000F0DAFE0028ECD04FF0E0234FF08052A3
:10BEA000C3F8042DBFF34F8FBFF36F8FE1E704F1A9
:10BEB0001000FFF703FC04F12400FFF7FFFBD8E7B5
:10BEC00038B51D46049C0B4649B92460E0632364E1
:10BED00001212046FFF7B2FF84F84C5038BD2260A4
:10BEE000F4E740B94FF0500383F31188BFF36F8F2D
:10BEF000BFF34F8FFEE710B584B01C4683B10B1E15
:10BF000018BF0123002A08BF43F001038BB94FF08B
:10BF1000500383F31188BFF36F8FBFF34F8FFEE79A
:10BF20004FF0500383F31188BFF36F8FBFF34F8F30
:10BF3000FEE7B1FA81F35B09002A18BF43F0010361
:10BF400043B94FF0500383F31188BFF36F8FBFF3F2
:10BF50004F8FFEE750230393039B502B08D04FF0E5
:10BF6000500383F31188BFF36F8FBFF34F8FFEE74A
:10BF7000039B012384F8463000949DF81830FFF7A6
:10BF80009FFF204604B010BDF0B585B0019288B186
:10BF90000F461D460446B1B1022D20D1E36B012BA3
:10BFA0001DD04FF0500383F31188BFF36F8FBFF3A1
:10BFB0004F8FFEE74FF0500383F31188BFF36F8F6D
:10BFC000BFF34F8FFEE7036C002BE5D04FF050031B
:10BFD00083F31188BFF36F8FBFF34F8FFEE700F03D
:10BFE000CDFE064658B9019B002B48D04FF05003B8
:10BFF00083F31188BFF36F8FBFF34F8FFEE70026E7
:10C000003DE02A4639462046FFF794FE636A7BB935
:10C0100048B14FF0E0234FF08052C3F8042DBFF336
:10C020004F8FBFF36F8FFFF717FC012005B0F0BDF6
:10C0300004F1240000F008FE0028F4D04FF0E023C3
:10C040004FF08052C3F8042DBFF34F8FBFF36F8FB3
:10C05000E9E7FFF701FC0020E8E702A800F03AFE5C
:10C06000012619E0002384F8443021E0002384F8FD
:10C07000453023E02046FFF7AAFE00F0BFFCFFF7A3
:10C08000C9FBA26BE36B9A42BBD3022DB9D0019BD3
:10C09000002BDED0002EE0D0FFF7DEFB00F014FC1A
:10C0A000FFF7B8FB94F8442052B2B2F1FF3FD9D069
:10C0B00094F8452052B2B2F1FF3FD7D0FFF7CCFB46
:10C0C00001A902A800F012FED8B92046FFF716FE1B
:10C0D0000028CFD0019904F1100000F081FD204626
:10C0E000FFF775FE00F08AFC0028C8D14FF0E0236E
:10C0F0004FF08052C3F8042DBFF34F8FBFF36F8F03
:10C10000BDE72046FFF763FE00F078FC00208DE7D6
:10C110002DE9F84390B10F4616461C460546B1B1CD
:10C12000022C20D1EB6B012B1DD04FF0500383F379
:10C130001188BFF36F8FBFF34F8FFEE74FF05003AF
:10C1400083F31188BFF36F8FBFF34F8FFEE7036C4C
:10C15000002BE5D04FF0500383F31188BFF36F8FAE
:10C16000BFF34F8FFEE7FFF77BFCEFF311894FF032
:10C17000500383F31188BFF36F8FBFF34F8FAA6B08
:10C18000EB6B9A4206D3022C04D0002089F311886D
:10C19000BDE8F88395F845804FFA88F8AB6B2246E6
:10C1A00039462846FFF7C6FDB8F1FF3F06D008F133
:10C1B00001035BB285F845300120E7E76B6A0BB9F4
:10C1C0000120E3E705F1240000F03EFD18B126B19F
:10C1D00001203060DAE70120D8E70120D6E7F0B58A
:10C1E00085B0019290B10F460446C1B100F0C6FD82
:10C1F000064600BB019B002B5ED04FF0500383F33B
:10C200001188BFF36F8FBFF34F8FFEE74FF05003DE
:10C2100083F31188BFF36F8FBFF34F8FFEE7036C7B
:10C22000002BE3D04FF0500383F31188BFF36F8FDF
:10C23000BFF34F8FFEE700263EE039462046FFF76A
:10C24000B4FD013DA563236923B9FFF705FB012078
:10C2500005B0F0BD04F1100000F0F6FC0028F4D0A9
:10C260004FF0E0234FF08052C3F8042DBFF34F8FFF
:10C27000BFF36F8FE9E7FFF7EFFA0020E8E702A8C6
:10C2800000F028FD012621E0002384F8443029E055
:10C29000002384F845302BE02046FFF798FD00F09E
:10C2A000ADFB09E02046FFF792FD00F0A7FB20461A
:10C2B000FFF733FD00283FD1FFF7ACFAA56B002D47
:10C2C000BBD1019B002BD6D0002ED8D0FFF7C4FAEB
:10C2D00000F0FAFAFFF79EFA94F844305BB2B3F13B
:10C2E000FF3FD1D094F845305BB2B3F1FF3FCFD0E0
:10C2F000FFF7B2FA01A902A800F0F8FC0028D1D19A
:10C300002046FFF70AFD0028C6D0019904F1240059
:10C3100000F066FC2046FFF75AFD00F06FFB002896
:10C32000CAD14FF0E0234FF08052C3F8042DBFF381
:10C330004F8FBFF36F8FBFE7002089E70023072BE4
:10C340000CD8074A52F833200AB10133F7E7044A00
:10C3500042F8331002EBC30358607047704700BFC8
:10C36000206B002470B504460D461646FFF752FABE
:10C3700094F844305BB2B3F1FF3F0DD094F84530F0
:10C380005BB2B3F1FF3F0BD0FFF766FAA36B5BB173
:10C390002046FFF71CFD70BD002384F84430EDE714
:10C3A000002384F84530EFE73246294604F12400A3
:10C3B00000F02EFCECE70000084B1B681B6823B95B
:10C3C000074B4FF0FF321A607047044B1B68DB6865
:10C3D000DB685A68024B1A60704700BF646B002428
:10C3E0000C7000242DE9F04780460D46174699460B
:10C3F000089EDDF824A00A9C9200A521206B01F084
:10C4000061FF236B6FF040423A4403EB820727F051
:10C410000707002D65D04FF0000CBCF10F0F0BD8B3
:10C4200015F80C2004EB0C0383F8342015F80C30BD
:10C4300013B10CF1010CF0E7002384F84330372EE0
:10C4400000D93726E662E66400252565201DFFF742
:10C4500040F904F11800FFF73CF92461C6F13806F1
:10C46000A6616462C4F8805484F884544FF48562F1
:10C47000294604F1580001F025FF04F55173E365E6
:10C4800004F56B73236604F21443636601220023F0
:10C49000C4E9402343F20E33A4F808314AF6CD3301
:10C4A000A4F80A3141F23423A4F80C314EF26D6342
:10C4B000A4F80E314DF6EC63A4F810310523A4F86E
:10C4C00012310B23A4F814314A4641463846FFF78F
:10C4D00079F92060BAF1000F01D0CAF80040BDE838
:10C4E000F087002384F83430A9E7000038B5002431
:10C4F00007E004EB840293000E481844FFF7DEF8CF
:10C500000134372CF5D90C4D2846FFF7D7F80B4CE2
:10C510002046FFF7D3F80A48FFF7D0F80948FFF79D
:10C52000CDF80948FFF7CAF8084B1D60084B1C609E
:10C5300038BD00BF6C6B0024E06F0024F46F002452
:10C54000187000244470002430700024646B0024B0
:10C55000686B002410B50446FFF75CF9224A1368A3
:10C5600001331360214B1B685BB1214B1B686BB916
:10C570001E4B1B68DA6AE36A9A4207D81B4B1C60A1
:10C5800004E01A4B1C601368012B29D0194A136868
:10C59000013313606364E06A174B1B68984201D94A
:10C5A000154B186000EB8000211D144B03EB80003D
:10C5B000FFF792F8FFF750F90D4B1B687BB10B4B5F
:10C5C0001B68DA6AE36A9A4209D24FF0E0234FF01F
:10C5D0008052C3F8042DBFF34F8FBFF36F8F10BD90
:10C5E000FFF784FFD2E700BFCC6F0024606B00240C
:10C5F0002C700024D86F0024DC6F00246C6B0024A6
:10C6000010B50446583001F0D3FE94F8853463B178
:10C61000012B11D0022B0ED04FF0500383F3118861
:10C62000BFF36F8FBFF34F8FFEE7206BFFF728FB41
:10C630002046FFF725FB10BD2046FFF721FBFAE758
:10C640000F4B1B68D3B110B5FFF7E4F80D4BDB6857
:10C65000DC68201DFFF764F80B4A1368013B136088
:10C66000074A1368013B1360FFF7F6F82046FFF70F
:10C67000C7FF034B1B68002BE6D110BD704700BFFE
:10C68000D06F002444700024CC6F002408B5FFF75D
:10C69000D7FF074B1B68012BF9D94FF0E0234FF070
:10C6A0008052C3F8042DBFF34F8FBFF36F8FEEE7B7
:10C6B0006C6B002470B504460D46194B1E68194B6F
:10C6C00018680430FFF72CF8B4F1FF3F14BF0023C3
:10C6D0000123002D08BF00236BB93444114B1B68A4
:10C6E0005C60A6420ED9104B18680E4B19680431D5
:10C6F000FEF7FDFF70BD0B4B196804310B48FEF7C8
:10C70000EBFFF7E70A4B1868064B19680431FEF790
:10C71000EEFF084B1B68A342ECD9064B1C60E9E70F
:10C7200058700024606B0024686B00243070002473
:10C73000646B00240C70002430B587B00B9C8CB166
:10C740000C9DC5B14FF491650495049DB5F5916FAD
:10C750001AD04FF0500383F31188BFF36F8FBFF3EC
:10C760004F8FFEE74FF0500383F31188BFF36F8FB5
:10C77000BFF34F8FFEE74FF0500383F31188BFF3F1
:10C780006F8FBFF34F8FFEE7049D0C9D2C63022437
:10C7900085F8854400240394029505AC01940A9C15
:10C7A0000094FFF71FFE0C98FFF7D4FE059807B022
:10C7B00030BD2DE9F04385B00746884614461E4635
:10C7C0009000FFF7DFF908B381464FF49160FFF75F
:10C7D000D9F90546B0B1C0F83090E5B1002385F82D
:10C7E0008534039302950D9B01930C9B0093334674
:10C7F000224641463846FFF7F5FD2846FFF7AAFED8
:10C80000012005E04846FFF73BFAE6E74FF0FF302E
:10C8100005B0BDE8F0834FF0FF30F9E710B588B000
:10C8200000240594069407AA06A905A8FEF72EFF82
:10C83000059B0293069B019300942346079A1A498D
:10C840001A48FFF779FF1A4B186040B100F05EFB01
:10C85000012806D0B0F1FF3F1DD008B010BD002068
:10C86000F6E74FF0500383F31188BFF36F8FBFF3E8
:10C870004F8F104B1B6858330F4A13600F4B4FF00C
:10C88000FF321A600E4B01221A600E4B00221A6012
:10C89000FFF75AF8E1E74FF0500383F31188BFF335
:10C8A0006F8FBFF34F8FFEE7A8E900088DC6000821
:10C8B00008700024606B0024180000240C70002411
:10C8C0002C70002458700024024A1368013313604E
:10C8D000704700BFD46F0024014B1868704700BF39
:10C8E00058700024F8B53A4B1B68002B69D1394BBE
:10C8F0001D6801351D60C5B9374B1B681B6843B106
:10C900004FF0500383F31188BFF36F8FBFF34F8F46
:10C91000FEE7314A1168314B186810601960304ADF
:10C92000136801331360FFF747FD2E4B1B68AB42C2
:10C930003DD900272C4B1B68DB6A03EB83039A006D
:10C940002A4B9B58012B00D90127294B1B68002B30
:10C950003CD001273AE001271F4B1B681B6843B3FB
:10C960001D4B1B68DB68DC6863689D4226D3261D6F
:10C970003046FEF7D5FEA36A1BB104F11800FEF79E
:10C98000CFFEE36A1B4A1268934201D9194A136029
:10C9900003EB83039A00314614481044FEF79CFED3
:10C9A000E26A114B1B68DB6A9A42D4D2D4E70027B3
:10C9B000D2E70C4B4FF0FF321A60BBE7094A136015
:10C9C000B8E70D4A13680133136000273846F8BDF5
:10C9D000D46F002458700024646B0024686B00241A
:10C9E000107000240C700024606B00246C6B002419
:10C9F0005C700024DC6F00241470002438B5354BC3
:10CA00001B6843B94FF0500383F31188BFF36F8F56
:10CA1000BFF34F8FFEE7FEF7FDFE2E4B1A68013A7B
:10CA20001A601B68002B4FD12B4B1B680BB90024DD
:10CA30004BE00024294B1B681BB3284BDB68DC68E8
:10CA400004F11800FEF76CFE251D2846FEF768FE6F
:10CA5000E06A234B1B68984201D9214B186000EB18
:10CA6000800029461F4B03EB8000FEF735FEE26A8B
:10CA70001D4B1B68DB6A9A42DCD31C4B01221A60F7
:10CA8000D8E70CB1FFF798FC194B1C6884B9174B19
:10CA90001C68D4B14FF0E0234FF08052C3F8042D4E
:10CAA000BFF34F8FBFF36F8F01240EE0013C07D01F
:10CAB000FFF718FF0028F9D00C4B01221A60F5E7A8
:10CAC0000B4B00221A60E2E70024FEF7C5FE204669
:10CAD00038BD00BFD46F0024CC6F00241870002430
:10CAE000DC6F00246C6B0024606B00245C700024FD
:10CAF0001470002410B5A8B10446104B1B6843B154
:10CB00004FF0500383F31188BFF36F8FBFF34F8F44
:10CB1000FEE7FFF7D9FE00212046FFF7CBFDFFF728
:10CB20006DFF48B94FF0E0234FF08052C3F8042D59
:10CB3000BFF34F8FBFF36F8F10BD00BFD46F0024C2
:10CB4000214B1B681BB1214B01221A6070471F4B00
:10CB500000221A601E4B1B6803EB83018A001D49EB
:10CB60008A585AB90BB1013BF6E74FF0500383F3F3
:10CB70001188BFF36F8FBFF34F8FFEE703EB830086
:10CB800082000A4450684068506003EB830C4FEA0F
:10CB90008C020832114488420FD003EB83029100CB
:10CBA0000C4A0A445268D1680B4A116008490B606C
:10CBB00013685833094A1360704740686246910011
:10CBC000044A0A445060E8E7D46F00245C700024F3
:10CBD000DC6F00246C6B0024606B002418000024C0
:10CBE00058B110B50C46094A11681831FEF77FFD9F
:10CBF00001212046FFF75EFD10BD4FF0500383F387
:10CC00001188BFF36F8FBFF34F8FFEE7606B002477
:10CC100038B570B10D4614460A4A11681831FEF74E
:10CC20005BFD0CB14FF0FF3521462846FFF742FD72
:10CC300038BD4FF0500383F31188BFF36F8FBFF3FC
:10CC40004F8FFEE7606B002438B5C368DC6824B3FF
:10CC500004F118052846FEF763FD184B1B682BBB33
:10CC6000251D2846FEF75CFDE06A154B1B689842BF
:10CC700001D9134B186000EB80002946114B03EBE0
:10CC80008000FEF729FDE26A0F4B1B68DB6A9A42BF
:10CC900011D901200D4B186038BD4FF0500383F3BC
:10CCA0001188BFF36F8FBFF34F8FFEE72946084807
:10CCB000FEF712FDE7E70020EEE700BFD46F002487
:10CCC000DC6F00246C6B0024606B00245C7000241B
:10CCD00018700024034B1B680360034B1B68436000
:10CCE000704700BF1070002458700024F8B5C8B118
:10CCF0000C460546F9B1FEF78DFD1B4B19686B68B4
:10CD0000C81A2268B2F1FF3F26D0184E36682F6845
:10CD1000B74201D08B4224D9824215D80023236028
:10CD200001241AE04FF0500383F31188BFF36F8F93
:10CD3000BFF34F8FFEE74FF0500383F31188BFF32B
:10CD40006F8FBFF34F8FFEE75B1A134423602846B3
:10CD5000FFF7C0FF002400E00024FEF77DFD204621
:10CD6000F8BD0124F9E700BF5870002410700024BA
:10CD7000014B01221A6070475C700024054B1B6850
:10CD800033B1054B1B680BB1002070470220704780
:10CD9000012070472C700024D46F002400283BD061
:10CDA00038B504461E4B1B68834208D04FF0500331
:10CDB00083F31188BFF36F8FBFF34F8FFEE7036DCF
:10CDC00043B94FF0500383F31188BFF36F8FBFF364
:10CDD0004F8FFEE7013B0365C16AC26C91421DD0D3
:10CDE0000BB1002038BD051D2846FEF799FCE06C0C
:10CDF000E062C0F13803A3610A4B1B68984201D975
:10CE0000084B186000EB80002946074B03EB8000BD
:10CE1000FEF762FC0120E5E7002070470020E1E713
:10CE2000606B0024DC6F00246C6B0024064B1A68D6
:10CE300013682BB90123036023B9D36818687047BE
:10CE40000023F8E7002070476070002408B54160B7
:10CE5000006191420CD8D21A83699A4201D3012011
:10CE600008BD011D0B4B1868FEF741FC0020F7E7D9
:10CE70009A422CBF00220122994238BF00220AB1F7
:10CE80000120EDE7011D044B1868FEF730FC00207F
:10CE9000E6E700BF647000246070002430B583B002
:10CEA000FEF7B8FC114B1B681BB1FEF7D5FC03B0B5
:10CEB00030BD0F4D2846FEF701FC0E4C2046FEF714
:10CEC000FDFB0D4B1D600D4B1C60002300930C4BB4
:10CED0000C4A10210A20FFF704F8044B18600028C0
:10CEE000E3D00949FFF72AFADFE700BF8471002485
:10CEF000087100241C7100246070002464700024F8
:10CF00003471002468700024B0E9000810B588B0BE
:10CF1000FFF7C4FF124B1B68CBB1002405940694A5
:10CF200007AA06A905A8FEF7BDFB059B0293069B71
:10CF30000193022300932346079A0A490A48FFF700
:10CF4000FBFB0A4B186010B1012008B010BD4FF078
:10CF5000500383F31188BFF36F8FBFF34F8FFEE74A
:10CF600084710024B8E9000875D200088871002493
:10CF7000B8B19C4603461848006858B300B585B060
:10CF800000910192029305291CDCFFF7F7FE0228AD
:10CF900010D000231A4669460F480068FEF7F4FFD8
:10CFA00015E04FF0500383F31188BFF36F8FBFF389
:10CFB0004F8FFEE70023069A694607480068FEF790
:10CFC000E3FF04E0002362466946FFF7A1F805B0DD
:10CFD0005DF804FB002070478471002470B582B0B6
:10CFE0001B4B1B681A6862B3DB681E68DC68251D72
:10CFF0002846FEF795FB236A2046984794F8283088
:10D0000013F0040FECD0A36933449E4207D263604F
:10D01000246129460E4B1868FEF769FBE0E7002102
:10D0200000910B4632462046FFF7A2FF0028D7D1D9
:10D030004FF0500383F31188BFF36F8FBFF34F8F0F
:10D04000FEE7044A106802490860136002B070BD30
:10D05000607000246470002438B50546FFF73CFC7E
:10D060000446074B1B68834205D800232B60044B02
:10D070001C60204638BDFFF7B1FF01232B60F6E7A7
:10D080003071002470B582B006460D461749096814
:10D09000C968CC68201DFEF743FB94F828C01CF03B
:10D0A000040F08D12CF0010C84F828C0236A204614
:10D0B000984702B070BDA16933462A4631442046E4
:10D0C000FFF7C4FE0028F1D0002100910B46324644
:10D0D0002046FFF74DFF0028E8D14FF0500383F3BF
:10D0E0001188BFF36F8FBFF34F8FFEE7607000248E
:10D0F00070B582B006460C46FFF7E6FB01A8FFF7C5
:10D10000ABFF019B3BBB0546B04228BF002C19D0AA
:10D1100024B1134A12681268DAB901242246711B3D
:10D12000104B1868FFF71EF9FFF768FCA8B94FF01D
:10D13000E0234FF08052C3F8042DBFF34F8FBFF3AD
:10D140006F8F0AE0FFF75AFC29463046FFF79AFF37
:10D1500003E01C46E2E7FFF751FC02B070BD00BFE0
:10D16000647000248471002410B588B002E0049B30
:10D17000002B0FDA002204A93D4B1868FFF72FF8A7
:10D18000002873D0049B002BF1DA07990698059BC1
:10D190009847ECE7069C636913B1201DFEF7C0FABF
:10D1A00003A8FFF759FF049B092BE3D8DFE803F03E
:10D1B0000505053037500505303794F8283043F021
:10D1C000010384F82830059BA169024619442046D2
:10D1D000FFF73CFE0028CDD0236A2046984794F8FC
:10D1E000283013F0040FC5D0A269002100910B462E
:10D1F000059802442046FFF7BBFE0028BAD14FF045
:10D20000500383F31188BFF36F8FBFF34F8FFEE797
:10D2100094F8283023F0010384F82830AAE794F822
:10D22000283043F0010384F828300599A16131B119
:10D230000346024601442046FFF708FE9AE74FF0F6
:10D24000500383F31188BFF36F8FBFF34F8FFEE757
:10D2500094F8283013F0020F04D023F0010384F86F
:10D26000283087E72046FEF70BFD83E708B010BDA6
:10D270008471002400B583B001A8FFF7D7FD0199A0
:10D28000FFF736FFFFF770FFF6E70000034608469A
:10D29000194600F0E7BF00BFF8B52DED028B55EC45
:10D2A000114B57EC106B00F06FF822462B462046CE
:10D2B0002946B0EE408AF0EE608AF3F77FFC78B939
:10D2C0000022002330463946F3F746FCF0B1002235
:10D2D000002320462946F3F73FFC40B19FED288B01
:10D2E000B0EE480AF0EE680ABDEC028BF8BD45ECE2
:10D2F000104B00F00FFF0028F2D0204629460022F4
:10D300000023F3F733FC0028EAD02EE0B0EE480A01
:10D31000F0EE680A00F0FEFEA0B151EC180B0022FE
:10D320000023F3F719FC0028DAD047EC106B00F06B
:10D33000F1FE0028D4D045EC104B00F0EBFE0028A5
:10D34000CED012E047EC106B00F0E4FE0028E4D0F1
:10D3500045EC104B00F0DEFE0028DED053EC182B1D
:10D3600051EC180BF3F72AFC20B900F081FF2223BF
:10D370000360B5E700F07CFF21230360B0E700BF46
:10D38000000000000000F03F2DE9F04F55EC114B7C
:10D390002DED0C8B25F0004A5AEA040157EC106B76
:10D3A00087B015D1B3197E4887F4002252419942C3
:10D3B00070EB020324D222462B4630463946F2F760
:10D3C000ADFF41EC100B07B0BDEC0C8BBDE8F08F4E
:10D3D000744927F00049894510EE102AB84616DD39
:10D3E00008F1404808F5801858EA0208E3D12319EB
:10D3F0006B4985F400225241984571EB0203DAD360
:10D400009FED650B07B0BDEC0C8BBDE8F08F11EE06
:10D41000103AAB4642D063498A45E1DC00F0948083
:10D42000B8F1000F73DB002100917BB95D4B9A4589
:10D4300000F08E805C4B9A4500F0A280BBF1804FDB
:10D4400000F0C284594B9B4500F0D78347EC106B2A
:10D45000029200F055FE029A62B3009A4FEAD87326
:10D46000013B0493134300F09280514B9A4540F3E3
:10D47000A58003F104739A454E4B40F33F849945D0
:10D4800040F3B484BBF1000F40F3B484002007B034
:10D49000BDEC0C8BBDE8F04F00F028BE002E8AD109
:10D4A000B9E747EC106B009200F02AFE009A002AC0
:10D4B0006DD10092B9F1000F04D03B4B28F04042EF
:10D4C0009A42CAD1BBF1000F07DA53EC102B364950
:10D4D0000020F3F703FA41EC100BB8F1000FBFF690
:10D4E00072AF009B09F1404909F5801959EA03031D
:10D4F00040F0908453EC102B10461946F2F70CFFC5
:10D5000002460B46F3F7EAF941EC100B5BE72A49B8
:10D510008A452FDCA1F154718A450FDD4FEA2A516B
:10D52000A1F2FF31142940F36784C1F1340123FAD9
:10D5300001F000FA01F1994200F0A5840021009168
:10D54000002B3FF477AF81E7002B3FF469AF47E74B
:10D5500009F1404303F5801313433FF451AF154BDA
:10D56000994540F38483BBF1000FC0F2618445EC20
:10D57000104B28E702210091002B3FF457AF65E7DD
:10D58000BBF1000FC0F2168447EC106B1BE732466C
:10D590003B46B1E7AFF30080000000000000F03F21
:10D5A0000000F0FF0000F07F0000F03F0000E03FCF
:10D5B0000000E041FFFFEF3FFFFF3F43E44B08EA7D
:10D5C0000303002253B951EC100BE24BF3F75CF864
:10D5D00041EC100B10EE909A6FF034024FEA295391
:10D5E000A3F2FF339A18DC4B0592C9F3130949F0F3
:10D5F0007F56994546F4401607DDD84B994540F3D0
:10D600001B8401320592A6F580169FEDB96B9FED44
:10D61000BA7B53EC162BB0EE47CAF0EE67CA002770
:10D62000B0EE47DAF0EE67DA5BEC10ABB34650468B
:10D63000594643EC1A2BF2F76FFE53EC1A2B804637
:10D64000894650465946F2F769FE02460B460020CD
:10D65000C349F3F743F941EC1B0B404653EC1B2B3A
:10D660004946F3F711F841EC180B0A460146CDE99B
:10D6700002120021029176104BEC19AB46F00056D5
:10D68000DDE902AB06F500230020D91906460F4656
:10D6900002460B4650465946F2F7F6FF02460B4645
:10D6A00040464946F2F738FE53EC1A2B804689462D
:10D6B00030463946F2F730FE02460B4651EC190B64
:10D6C000F2F72AFE52465B46F2F7DEFF02460B46B1
:10D6D00040464946F2F720FE53EC1B2BF2F7D4FFED
:10D6E00053EC182B41EC1B0B51EC180BF2F7CCFF51
:10D6F00083A3D3E9002306460F46F2F7C5FF82A3B2
:10D70000D3E90023F2F70AFE32463B46F2F7BCFFAC
:10D710007FA3D3E90023F2F701FE32463B46F2F73E
:10D72000B3FF7DA3D3E90023F2F7F8FD32463B4671
:10D73000F2F7AAFF7AA3D3E90023F2F7EFFD32460E
:10D740003B46F2F7A1FF78A3D3E90023F2F7E6FD09
:10D750003246804689463B4630463946F2F794FFCA
:10D7600002460B4640464946F2F78EFF52460646B1
:10D770000F465B4651EC180BF2F7D0FD53EC1B2B18
:10D78000F2F782FF32463B46F2F7C8FD524641ECC3
:10D790001A0B5B4650465946F2F776FF714B002252
:10D7A00080468946F2F7BAFD53EC1A2BF2F7B6FD24
:10D7B00050460F465946DDE902AB3B465246F2F76A
:10D7C00063FF684B41EC190B002250463946F2F7D3
:10D7D000A3FD42464B46F2F79FFD02460B4651EC35
:10D7E0001A0BF2F799FD53EC182BF2F74DFF524646
:10D7F0003B4606460F4651EC1B0BF2F745FF02462F
:10D800000B4630463946F2F789FD80468946424646
:10D810004B4651EC190BF2F781FD45A3D3E90023E8
:10D8200050460F46F2F730FF53EC192B41EC190B21
:10D8300050463946F2F770FD02460B4640464946CF
:10D84000F2F76AFD3CA3D3E90023F2F71DFF02467D
:10D850000B461646504639461F4639A3D3E90023E6
:10D86000F2F712FF02460B4630463946F2F756FDF4
:10D8700053EC1D2BF2F752FD804605988946F2F7CE
:10D8800099FE424682468B464B4651EC190BF2F705
:10D8900045FD53EC1C2BF2F741FD52465B46F2F777
:10D8A0003DFD52465B46002006460F46F2F734FD2A
:10D8B00053EC1C2BF2F730FD53EC192BF2F72CFD37
:10D8C00002460B4640464946F2F726FD009B049A65
:10D8D000013B134382468B4640F0C2819FED1A7B89
:10D8E000B0EE478AF0EE678A3EE000BFAFF30080FB
:10D8F000000000000000F03F0000000000000000F9
:10D90000EF4E454A287ECA3F65DBC9934A86CD3F24
:10D9100001411DA96074D13F4D268F515555D53F0A
:10D92000FFAB6FDBB66DDB3F033333333333E33FA2
:10D93000000000E009C7EE3FFD033ADC09C7EE3FF7
:10D94000F5015B14E02F3EBE000000000000F0BFB8
:10D950000000F07F000040438E98030079B60B0072
:10D960000000F03F000008400023CDE9004500938F
:10D97000DDE90089204642464B462946F2F7CCFCB9
:10D9800032463B46F2F780FE22462B4604460D46C1
:10D9900050465946F2F778FE02460B462046294685
:10D9A000F2F7BCFC424604460D464B46304639462B
:10D9B000F2F76AFE26462F4604460D462B463046B1
:10D9C00039462246F2F7AAFCC74B9942804689465F
:10D9D0008A4640F31F8101F13F4303F5E00303430F
:10D9E00040F03E82AAA3D3E9002330463946F2F73D
:10D9F00095FC02460B4640464946904699462246CB
:10DA00002B46F2F789FC02460B4640464946F3F79F
:10DA1000CBF8002840F02482CAF30A534FF4801256
:10DA2000A3F2FE3342FA03F35344B049C3F30A525C
:10DA3000A2F2FF3241FA02FCC3F3130141F4801158
:10DA4000C2F1140241FA02F2002023EA0C01BAF1F9
:10DA5000000F00920B46024602DA009949420091FB
:10DA600020462946F2F758FC009B1B05029302460C
:10DA70000B4604460D4630463946F2F74FFC8946C0
:10DA80004FF0000884A3D3E9002340464946F2F74B
:10DA9000FBFD22462B4682468B4640464946F2F71E
:10DAA0003BFC02460B4630463946F2F735FC7CA378
:10DAB000D3E90023F2F7E8FD7BA3D3E90023044672
:10DAC0000D4640464946F2F7DFFD02460B4620462A
:10DAD0002946F2F723FC06460F4632463B4650469F
:10DAE0005946F2F71BFC52465B4604460D46F2F7D8
:10DAF00013FC02460B4630463946F2F70DFC22462F
:10DB0000804689462B4620462946F2F7BDFD68A38C
:10DB1000D3E9002306460F46F2F7B6FD66A3D3E924
:10DB20000023F2F7F9FB32463B46F2F7ADFD64A362
:10DB3000D3E90023F2F7F2FB32463B46F2F7A4FDAD
:10DB400061A3D3E90023F2F7E7FB32463B46F2F745
:10DB50009BFD5FA3D3E90023F2F7E0FB32463B468F
:10DB6000F2F792FD02460B4620462946F2F7D4FB17
:10DB700006460F4632463B4620462946F2F784FDCC
:10DB800002460B463046394616461F4600224FF0E5
:10DB90008043F2F7C1FB02460B4630463946F2F7A6
:10DBA0009DFE424606460F464B4620462946F2F762
:10DBB0006BFD42464B46F2F7B1FB02460B46304640
:10DBC0003946F2F7A9FB22462B46F2F7A5FB02469F
:10DBD0000B4600204649F2F79FFB029A0B4613447E
:10DBE000B3F5801FC0F24781194653EC182BF2F7AA
:10DBF0004BFD41EC100BFFF7E6BBB8F1000FFFF651
:10DC000025AC47EC106B07B0BDEC0C8BBDE8F04FBA
:10DC100000F074B9DFF8E0C021F00043634540F341
:10DC2000DD80344B0B4403430AD122462B46F2F7E6
:10DC300073FB32463B46F2F7ADFF00283FF4ECAEF3
:10DC400051EC180B00220023F2F790FF003818BFA8
:10DC5000012007B0BDEC0C8BBDE8F04F00F03CBAE2
:10DC60009FED1D7BB0EE478AF0EE678A7CE6BBF144
:10DC7000000F9FED1B0BBFF6A6AB05F1004300EEB6
:10DC8000104A00EE903AFFF79EBB00BFAFF3008052
:10DC9000FE822B654715973C00000000432EE63FAF
:10DCA000EF39FAFE422EE63F396CA80C615C20BECB
:10DCB000D0A4BE726937663EF16BD2C541BDBB3E92
:10DCC0002CDE25AF6A56113F93BDBE166CC1663F70
:10DCD0003E5555555555C53F000000000000F03F2A
:10DCE0000000000000000000FFFF8F40FFFF0F005A
:10DCF0000000F03F00346F3FFFCB9040994575DB4B
:10DD00007B4B99453FF7BEAB51EC100B784B002293
:10DD1000F2F702FB66A3D3E9002306460F46F2F7AB
:10DD2000B3FC65A3D3E9002382468B4630463946CF
:10DD3000F2F7AAFC6F4B41EC180B00223046394633
:10DD4000F2F7A2FC02460B465DA1D1E90001F2F711
:10DD5000E3FA32463B46F2F797FC02460B460020B8
:10DD60006549F2F7D9FA3246804689463B46304645
:10DD70003946F2F789FC02460B4640464946F2F71F
:10DD800083FC51A3D3E90023F2F77EFC02460B4645
:10DD900051EC180BF2F7C0FA8046894642464B46D2
:10DDA00050465946F2F7BAFA002052465B460646FC
:10DDB0000F4683E54E49002032463B46F2F78EFD82
:10DDC00041EC100BFFF7FFBA32463B46304639466E
:10DDD000F2F75AFC41EC100BFFF7F5BA464A9342B2
:10DDE00062DCDDE900120291009149E6BBF1000F0F
:10DDF000FFF64CAB00202CE7002B7FF452ABC1F1B7
:10DE000014014AFA01F000FA01F1514545D000939E
:10DE1000FFF710BB009B012B7FF4D5AA10EE901AE0
:10DE200010EE102A01F1004343EC102BFFF7CBBAA0
:10DE30009FED270BFFF7C7BA9FED277BB0EE47CAD0
:10DE4000F0EE67CA9FED267BB0EE47DAF0EE67DAB8
:10DE50009FED257B4FF4802753EC172BFFF7E4BB96
:10DE600051EC180B00220023F2F780FE003818BF97
:10DE70000120FFF70CBB41EC100B009800F058F9A3
:10DE800051EC100BB1E600F00100C0F1020100916D
:10DE9000002B3FF4CFAAFFF7D9BA00F00100C0F180
:10DEA00002030093FFF7C6BA1B15B7E5AFF3008076
:10DEB000000000604715F73F44DF5DF80BAE543EAD
:10DEC000555555555555D53FFE822B654715F73F9E
:10DED00000000000000000000000004003B8E23F26
:10DEE00006D0CF43EBFD4C3E000000000000F83FA1
:10DEF0000000F03F0000D03F0000E03F2DE9F0417E
:10DF0000634A55EC104BAA4300F09F80002D10EEA1
:10DF100010CA2B4654DD291563D0C3F31303A1F2B5
:10DF2000FF37C90743F4801304D45B0003EBDC73B1
:10DF30004FEA4C0C4FEADC72002602EB43037F10E1
:10DF40004FEA4C0C4FF0160E34464FF40012A11855
:10DF5000994202DC5B1A8C1816445B00BEF1010E7C
:10DF600003EBDC734FEA52024FEA4C0CEFD17546DB
:10DF700020204FF000420AE044D04FEADC71013823
:10DF800001EB43034FEA4C0C4FEA520243D0A34249
:10DF900002EB0E01F0DD002901EB020E0ADBA046C8
:10DFA0001B1B614588BF03F1FF33ACEB010C15442B
:10DFB0004446E2E7BEF1000FF1DB04F10108EFE7B0
:10DFC00025F00042224338D0002D4ED129464FEA99
:10DFD000DC22153913464FEA4C5C002AF7D0D602F2
:10DFE00050D400205B00DD02044600F10100F9D5A9
:10DFF0001A4663460CFA00FCC0F12000C340091B1E
:10E0000013438AE76145B8D8002901EB020ED1DB42
:10E0100098460023C9E753EA0C0310D16808711031
:10E02000F30701F17F5101F5001148BF40F00040B6
:10E0300001EB0753024643EC102BBDE8F0816A1C4C
:10E0400016BF681C01364008E9E710EE102A10EEF2
:10E05000100A2B462946F2F717FB22462B46F2F709
:10E060005DF941EC100BBDE8F08110EE102A20465E
:10E070002946F2F751F902460B46F2F72FFC41EC24
:10E08000100BDAE7634620204FF0FF34B6E700BFFD
:10E090000000F07FD0B506460F46144600F0E8F8C1
:10E0A0000346394630461C60D0BD00BF30B514462B
:10E0B00083B01D4608B103F10043CDE90023DDE93B
:10E0C000002320462946F2F7DFFA222203B0BDE8FA
:10E0D0003040FFF7DFBF00BF08B500224FF080538C
:10E0E000FFF7E4FF41EC100B08BD00BF08B50022AC
:10E0F0004FF0E043FFF7DAFF41EC100B08BD00BF23
:10E1000051EC100B10EE102A21F0004343EC102BC1
:10E11000704700BF82B08DED000B019840F00040C9
:10E1200000F58010C00F02B0704700BF0000000073
:10E1300038B553EC102BC3F30A5104469C4689BBF7
:10E1400010EE101A23F0004C5CEA010129D01946A8
:10E1500000223D4B3D4D10EE100AF2F795FAAC420D
:10E1600002460B4616DB8C46C1F30A513639214470
:10E1700040F2FE70814221DC002947DC11F1350FAD
:10E1800034DA4CF250318C4218DC002B26A1D1E954
:10E19000000144DB24A3D3E90023F2F775FA41EC34
:10E1A000100B38BD40F2FF708142E0D110EE100A32
:10E1B0001946F2F7B3F841EC100B38BD002B1CA147
:10E1C000D1E9000107DB1AA3D3E90023F2F75CFAD7
:10E1D00041EC100B38BD18A1D1E9000114A3D3E91B
:10E1E0000023F2F751FA41EC100BF3E72CF0FF4C4F
:10E1F0002CF4E00C36314CEA01531046194600224B
:10E20000134BF2F741FA41EC100B38BD2CF0FF4CE8
:10E210002CF4E00C4CEA015343EC102B38BD08A160
:10E22000D1E90001B6E700BF59F3F8C21F6EA5019E
:10E230009C7500883CE4377E9C7500883CE437FE82
:10E2400059F3F8C21F6EA58100005043B03CFFFF98
:10E250000000903C08B5062000F0F2F80120F6F727
:10E260000DFC00BF13460A460146022000F02EB9FD
:10E27000014B1868704700BF1800002470B50D4EA0
:10E280000D4D761BB61006D0002455F8043B013422
:10E290009847A642F9D1094E094D761B00F0FAFACB
:10E2A000B61006D0002455F8043B01349847A64226
:10E2B000F9D170BD18EC000818EC000824EC000837
:10E2C00018EC0008830730B548D0541E002A3FD010
:10E2D000CAB2034601E0013C3AD303F8012B9D0783
:10E2E000F9D1032C2DD9CDB245EA05250F2C45EAED
:10E2F000054536D9A4F1100222F00F0C03F1200ECF
:10E30000E6444FEA121C03F1100242E9045542E9C7
:10E31000025510327245F8D10CF1010214F00C0FC5
:10E3200003EB021204F00F0C13D0ACF1040323F042
:10E3300003030433134442F8045B9342FBD10CF013
:10E3400003042CB1CAB21C4403F8012B9C42FBD13C
:10E3500030BD64461346002CF4D1F9E70346144659
:10E36000BFE71A46A446E0E72DE9F0410E680C46E7
:10E370000546BEB137688FB1D7F80080B8F1000FFD
:10E3800008D0D8F8001009B1FFF7EEFF4146284643
:10E3900000F058F93946284600F054F9314628462D
:10E3A00000F050F921462846BDE8F04100F04AB996
:10E3B000224B1B68834240D0C16C70B5054681B1C9
:10E3C00000268C593CB121462468284600F03AF9D1
:10E3D000002CF8D1E96C0436802EF2D1284600F0EA
:10E3E00031F9296C11B1284600F02CF9D5F84841D3
:10E3F00054B105F5A676B44206D0214624682846D5
:10E4000000F020F9A642F8D1696D11B1284600F05C
:10E4100019F9AB6B83B1EB6B28469847D5F8E0420E
:10E4200054B1216811B12846FFF79EFF21462846C6
:10E43000BDE8704000F006B970BD704718000024B8
:10E4400038B5154B1F281D6820D8D5F8DC220446A6
:10E4500062B152F820304BB1012B15D0591C0FD0AE
:10E46000002542F820509847284638BD284600F03D
:10E470002BF8224601462846BDE8384000F00EB889
:10E4800016232B60012038BD002038BD16232B60D9
:10E490004FF0FF3038BD00BF1800002470B50C46A7
:10E4A000084D03460026204611461C462E60F6F70E
:10E4B000DDFA431C00D070BD2B68002BFBD023601D
:10E4C00070BD00BF8C710024F6F7CEBA2DE9F0477D
:10E4D000DFF880A00646DAF8000098460F4691461D
:10E4E00000F0B6F91A4B1B68D3F8484124B36568AD
:10E4F0001F2D26DC5EB96B1C0235DAF80000636064
:10E5000044F8257000F0A6F90020BDE8F08704EB80
:10E5100085010123C1F88890D4F88821AB401A43C3
:10E52000022EC4F88821C1F80881E4D1D4F88C21E6
:10E530001343C4F88C31DEE703F5A674C3F84841F1
:10E54000D5E7DAF8000000F085F94FF0FF30DCE79E
:10E55000C0E9000848040024024B13B1024800F04F
:10E5600005B870470000000079E500080023014667
:10E570001A461846FFF7AABF38B5084B084D5B1B73
:10E580009C1007D0043B1D44013C55F804399847C2
:10E59000002CF9D1BDE8384000F082B928EC000821
:10E5A00024EC0008F8B5244F0C46064600F054F958
:10E5B000BA685568C4F57E630F3325F003052B4414
:10E5C00023F47F6323F00F03A3F58054B4F5805F39
:10E5D00007DB0021304600F04BF9BB682B44984222
:10E5E00004D0304600F03EF90020F8BD61423046CC
:10E5F00000F03EF901300DD0104ABB682D1B45F0EC
:10E6000001055D60136830461B1B136000F02AF99A
:10E610000120F8BD0021304600F02AF9BA68831ABB
:10E620000F2BDEDD43F001035360054B03491B68EC
:10E63000C01A0860D5E700BF4C040024987100247C
:10E6400054080024002961D0F8B50C46064600F0B5
:10E6500003F954F8042C7B4FA4F1080522F00101C2
:10E6600005EB010CB868DCF80430604523F00303C7
:10E6700000F08B80D207CCF8043032D454F8082C48
:10E68000AD1A1144AA6807F1080082426AD00CEB67
:10E690000304D4F804E0EC68D4601EF0010FA2601B
:10E6A00000F0978041F001036B60CCF80010B1F5E9
:10E6B000007F35D27A68CB084809012101338140B7
:10E6C0001143796007EBC30257F83310083AC5E9E4
:10E6D000021247F83350CD603046BDE8F84000F0F4
:10E6E000C1B80CEB03025268D00710D4194407F1EB
:10E6F0000800DCF80830834273D0DCF80C20DA60C4
:10E70000936041F001036B606950D0E7704741F0BE
:10E710000103B1F5007F44F8043CCCF80010C9D3E4
:10E72000B1F5206F4FEA512348D28B0903F139002C
:10E7300003F13802C300F818FB580838984259D042
:10E740005A6822F003028A4202D99B689842F7D1A4
:10E75000D868C5E902308560DD603046BDE8F84024
:10E7600000F080B80CEB03025268D20763D40B446C
:10E77000DCE90212CA60916043F001026A6030462F
:10E78000EB50BDE8F84000F06DB80B44D10707D45A
:10E7900054F8082CAD1A1344D5E90212CA609160EE
:10E7A00043F001026A60284ABD6012689A4293D819
:10E7B000264B30461968FFF7F5FE8DE7142B0AD972
:10E7C000542B1FD80B0B03F16F0003F16E02C30033
:10E7D000B1E719448DE703F15C0003F15B02C3006C
:10E7E000A9E741F00103C7E90455C5E902006B60E0
:10E7F000695071E779689210012404FA02F20A4321
:10E800007A60A6E7B3F5AA7F06D8CB0B03F17800B0
:10E8100003F17702C3008EE740F25452934206D8C8
:10E820008B0C03F17D0003F17C02C30083E74FF4FE
:10E830007E737E227FE741F001036B60CCF800100D
:10E840004AE700BF4C04002458080024C07100248B
:10E85000704700BF704700BF0148FFF7F9BF00BF16
:10E86000947100240148FFF7F5BF00BF94710024A4
:10E8700038B5074D0022044608462A60F6F704F929
:10E88000431C00D038BD2B68002BFBD0236038BD63
:10E890008C710024F8B500BFF8BC08BC9E467047D8
:0CE8A000F8B500BFF8BC08BC9E467047ED
:10E8AC00000000000000000000000000000000005C
:10E8BC000000000001000000020000000300000046
:10E8CC000400000000000000050000000000000033
:10E8DC000000000000000000060000000000000026
:10E8EC0000000000000000000700000055415254D9
:10E8FC005F545800566F66615F5265636569766553
:10E90C0000000000F8E80008000000000000000013
:10E91C0000000000000000000008000028000000BB
:10E92C00000000000000000000E9000800000000EA
:10E93C0000000000000000000000000000020000C9
:10E94C0018000000000000000000000000000000A3
:10E95C00010203040102030406070809000610164D
:10E96C00000610160001020304050607080C10141B
:10E97C0018203040010002000400060008000A00C4
:10E98C000C0010002000400080000001080402046C
:10E99C0008010101010101030701000049444C4534
:10E9AC0000000000546D725100000000546D722084
:08E9BC005376630020000024E3
:10E9C40008B10181B0B000840000000008B10181E9
:10E9D400B0B000840000000008B10181B0B0008430
:10E9E4000000000008B10181B0B000840000000004
:10E9F40081C90181008408B10000000008B10181CF
:10EA0400B0B000840000000008B10181B0B00084FF
:10EA140000000000C9020181B0B0AF810000000015
:10EA240008B10181B0B000840000000008B1018188
:10EA3400B0B000840000000008B10181B0B00084CF
:10EA44000000000008B10181B0B0008400000000A3
:0CEA540008B10181B0B000840000000097
:10EA60007424FF7F01000000D427FF7FB0A902803B
:10EA70006828FF7FB0B0A880B828FF7F01000000A1
:10EA8000C428FF7FB0B0AA80F828FF7FAE71B280A3
:10EA9000BC29FF7F01000000B829FF7FAB3F388011
:10EAA000182AFF7F01000000202AFF7FB0B0AA8053
:10EAB0005C2AFF7F01000000082BFF7FAA0DB280B7
:10EAC000842BFF7FB0AF0880242EFF7F0100000061
:10EAD000282EFF7FAD3F0280A430FF7F01000000A1
:10EAE0008032FF7F008404809432FF7F01000000A9
:10EAF0009032FF7FB0AD04803435FF7FB0A8038033
:10EB00005835FF7F44FFFF7F5C35FF7F48FFFF7F65
:10EB10006835FF7F010000009836FF7FA8FEFF7F69
:10EB2000A436FF7FB0A80180903AFF7F010000006B
:10EB30009440FF7F9CFEFF7FA440FF7FB0B0A88081
:10EB40003441FF7FA908B180C841FF7F90FEFF7F5D
:10EB5000D041FF7FB0B0A880F841FF7F8CFEFF7FDF
:10EB60001042FF7F010000005843FF7F88FEFF7FB7
:10EB7000A043FF7F010000003844FF7FB0B0A880B1
:10EB8000F244FF7F7CFEFF7FF844FF7F010000001E
:10EB90000448FF7F78FEFF7F8848FF7F0100000068
:10EBA000CC49FF7FA908B180244AFF7F0100000003
:10EBB000044BFF7F64FEFF7FE04BFF7F00840280F9
:10EBC000444CFF7FB0B0AA80904CFF7F0100000052
:10EBD000444DFF7FAA80C980F44DFF7F48FEFF7F30
:10EBE000F44DFF7F4CFEFF7F044EFF7F50FEFF7F02
:10EBF000104EFF7FB0B0AC80A84EFF7FA908B18057
:10EC0000304FFF7FB0B0A8803C4FFF7FB0B0AC80EA
:08EC10004850FF7F01000000E5
:0CEC180059E50008F5020008B52B0008C3
:04EC2400D102000811
:10EC2800000000000090D0030090D0030100000015
:10EC380010000000AAAAAAAA2000002400000000D0
:10EC4800000000000C03002474030024DC030024EB
:10EC580000000000000000000000000000000000AC
:10EC6800000000000000000000000000000000009C
:10EC7800000000000000000000000000000000008C
:10EC8800000000000000000000000000000000007C
:10EC9800000000000000000000000000000000006C
:10ECA800000000000000000000000000000000005C
:10ECB800000000000000000000000000000000004C
:10ECC800000000000000000000000000000000003C
:10ECD800000000000000000000000000000000002C
:10ECE800000000000000000001000000000000001B
:10ECF8000E33CDAB34126DE6ECDE05000B000000E0
:10ED080000000000000000000000000000000000FB
:10ED180000000000000000000000000000000000EB
:10ED280000000000000000000000000000000000DB
:10ED380000000000000000000000000000000000CB
:10ED480000000000000000000000000000000000BB
:10ED580000000000000000000000000000000000AB
:10ED6800000000000000000000000000000000009B
:10ED7800000000000000000000000000000000008B
:10ED8800000000000000000000000000000000007B
:10ED9800000000000000000000000000000000006B
:10EDA800000000000000000000000000000000005B
:10EDB800000000000000000000000000000000004B
:10EDC800000000000000000000000000000000003B
:10EDD800000000000000000000000000000000002B
:10EDE800000000000000000000000000000000001B
:10EDF800000000000000000000000000000000000B
:10EE080000000000000000000000000000000000FA
:10EE180000000000000000000000000000000000EA
:10EE280000000000000000000000000000000000DA
:10EE380000000000000000000000000000000000CA
:10EE480000000000000000000000000000000000BA
:10EE580000000000000000000000000000000000AA
:10EE6800000000000000000000000000000000009A
:10EE7800000000000000000000000000000000008A
:10EE8800000000000000000000000000000000007A
:10EE9800000000000000000000000000000000006A
:10EEA800000000000000000000000000000000005A
:10EEB800000000000000000000000000000000004A
:10EEC800000000000000000000000000000000003A
:10EED800000000000000000000000000000000002A
:10EEE800000000000000000000000000000000001A
:10EEF800000000000000000000000000000000000A
:10EF080000000000000000000000000000000000F9
:10EF180000000000000000000000000000000000E9
:10EF280000000000000000000000000000000000D9
:10EF380000000000000000000000000000000000C9
:10EF480000000000000000000000000000000000B9
:10EF580000000000000000000000000000000000A9
:10EF68000000000000000000000000000000000099
:10EF78000000000000000000000000000000000089
:10EF88000000000000000000000000000000000079
:10EF98000000000000000000000000000000000069
:10EFA8000000000000000000000000000000000059
:10EFB8000000000000000000000000000000000049
:10EFC8000000000000000000000000000000000039
:10EFD8000000000000000000000000000000000029
:10EFE8000000000000000000000000000000000019
:10EFF8000000000000000000000000000000000009
:10F0080000000000000000000000000000000000F8
:10F0180000000000000000000000000000000000E8
:10F0280000000000000000000000000000000000D8
:10F0380000000000000000000000000000000000C8
:10F0480000000000000000000000000000000000B8
:10F0580000000000000000000000000000000000A8
:10F068000000000000000000907100240000000073
:10F07800000000004C0400244C0400245404002424
:10F08800540400245C0400245C0400246404002468
:10F09800640400246C0400246C0400247404002418
:10F0A800740400247C0400247C04002484040024C8
:10F0B800840400248C0400248C0400249404002478
:10F0C800940400249C0400249C040024A404002428
:10F0D800A4040024AC040024AC040024B4040024D8
:10F0E800B4040024BC040024BC040024C404002488
:10F0F800C4040024CC040024CC040024D404002438
:10F10800D4040024DC040024DC040024E4040024E7
:10F11800E4040024EC040024EC040024F404002497
:10F12800F4040024FC040024FC0400240405002446
:10F13800040500240C0500240C05002414050024F3
:10F14800140500241C0500241C05002424050024A3
:10F15800240500242C0500242C0500243405002453
:10F16800340500243C0500243C0500244405002403
:10F17800440500244C0500244C05002454050024B3
:10F18800540500245C0500245C0500246405002463
:10F19800640500246C0500246C0500247405002413
:10F1A800740500247C0500247C05002484050024C3
:10F1B800840500248C0500248C0500249405002473
:10F1C800940500249C0500249C050024A405002423
:10F1D800A4050024AC050024AC050024B4050024D3
:10F1E800B4050024BC050024BC050024C405002483
:10F1F800C4050024CC050024CC050024D405002433
:10F20800D4050024DC050024DC050024E4050024E2
:10F21800E4050024EC050024EC050024F405002492
:10F22800F4050024FC050024FC0500240406002441
:10F23800040600240C0600240C06002414060024EE
:10F24800140600241C0600241C060024240600249E
:10F25800240600242C0600242C060024340600244E
:10F26800340600243C0600243C06002444060024FE
:10F27800440600244C0600244C06002454060024AE
:10F28800540600245C0600245C060024640600245E
:10F29800640600246C0600246C060024740600240E
:10F2A800740600247C0600247C06002484060024BE
:10F2B800840600248C0600248C060024940600246E
:10F2C800940600249C0600249C060024A40600241E
:10F2D800A4060024AC060024AC060024B4060024CE
:10F2E800B4060024BC060024BC060024C40600247E
:10F2F800C4060024CC060024CC060024D40600242E
:10F30800D4060024DC060024DC060024E4060024DD
:10F31800E4060024EC060024EC060024F40600248D
:10F32800F4060024FC060024FC060024040700243C
:10F33800040700240C0700240C07002414070024E9
:10F34800140700241C0700241C0700242407002499
:10F35800240700242C0700242C0700243407002449
:10F36800340700243C0700243C07002444070024F9
:10F37800440700244C0700244C07002454070024A9
:10F38800540700245C0700245C0700246407002459
:10F39800640700246C0700246C0700247407002409
:10F3A800740700247C0700247C07002484070024B9
:10F3B800840700248C0700248C0700249407002469
:10F3C800940700249C0700249C070024A407002419
:10F3D800A4070024AC070024AC070024B4070024C9
:10F3E800B4070024BC070024BC070024C407002479
:10F3F800C4070024CC070024CC070024D407002429
:10F40800D4070024DC070024DC070024E4070024D8
:10F41800E4070024EC070024EC070024F407002488
:10F42800F4070024FC070024FC0700240408002437
:10F43800040800240C0800240C08002414080024E4
:10F44800140800241C0800241C0800242408002494
:10F45800240800242C0800242C0800243408002444
:10F46800340800243C0800243C08002444080024F4
:0CF4780044080024FFFFFFFF000002001A
:040000050800543D5E
:00000001FF
